Control,Time,Php,Toutdoor,Tindoor,Fbld,Qbld,Tbld-sup,Tbld-ret,Tout-sup,Tout-ret,F hw,Thw in-c,Thw out,Fhp,Thp-sup,Thp-ret,R0,R1,R2,R3,R4,R5,R6,R7,Qhp,Php.1,Pbld
08/03/2017 00:00:00,Tue Mar 21 2017 06:45:00 GMT+0100 (CET),15.7438567,5.32,22.77054,0.3473333333,9293000,22.9333333333,22.7666666667,13.3666666667,15.1666666667,0,28.8666666667,31.0666666667,0,28.1,25.1333333333,22.3089560774,22.3449274174,21.9313424445,22.5442612751,21.5572092823,21.5533976888,22.2110353275,22.0148749626,7317000,0,73
08/03/2017 00:15:00,Tue Mar 21 2017 07:00:00 GMT+0100 (CET),15.7745693959,5.39315,22.76721,0.3473333333,9293000,22.8333333333,22.7,14.4,15.9,0.1703333333,8.9666666667,46.9333333333,0,27.7,25.1333333333,22.3228502687,22.2448182713,21.9735292267,22.6030561787,21.5807329996,21.5669222721,22.143584044,21.9917166911,7317000,0,50.6666666667
08/03/2017 00:30:00,Tue Mar 21 2017 07:15:00 GMT+0100 (CET),1691.1173817177,5.462975,22.84713,341,9293000,22.8,22.7,6.7,4.2666666667,0.0366666667,8.8333333333,45.6333333333,0,28.1333333333,24.0666666667,22.3130707414,22.148136133,22.1594775337,22.7279499939,21.5129012126,21.5447684369,22.1590392361,22.0203731,7317000,0,51.6666666667
08/03/2017 00:45:00,Tue Mar 21 2017 07:30:00 GMT+0100 (CET),1811.0762056452,5453,22.83048,0.3473333333,9293000,22.7666666667,22.7,4.8666666667,2.3,0.0253333333,10.5333333333,45.3,0,27.5666666667,24.0333333333,22.3115036473,22.1465762798,22.1387659804,22.6705610427,21.3819237408,21.6134157197,22.2188787686,22.0085470154,7317000,0,40
08/03/2017 01:00:00,Tue Mar 21 2017 07:45:00 GMT+0100 (CET),1912.8096311216,5.61925,22.83381,0.3473333333,9293000,22.7666666667,22.5666666667,3.9,1.6333333333,24,10.6666666667,47.2333333333,0,26.9666666667,24.2,22.3079675936,22.1455942454,22.1900841062,22.6101918529,21.340015871,21.6590213286,22.1575985878,22.0445565635,7317000,0,88
08/03/2017 01:15:00,Tue Mar 21 2017 08:00:00 GMT+0100 (CET),1414.0278560637,5.742275,22.96701,0.3523333333,9293333.33333333,27.4666666667,22.5666666667,3.4,0.8,0.2846666667,9.5333333333,49.1666666667,0.6785,28.2666666667,23.1,22.321914888,22.1461789604,22.1877732304,22.8530481614,21.3832433183,21.6587651372,22.1060976535,21.9952063506,7317666.66666667,5269,2027
08/03/2017 01:30:00,Tue Mar 21 2017 08:15:00 GMT+0100 (CET),1409.8404959108,5.562725,23.35329,0.3523333333,9294000,27.4666666667,23.2333333333,2.7,-0.05,0.3143333333,7.8333333333,45.5333333333,0,28.6,22.6333333333,22.1824769458,22.2345217675,22.1453448679,23.6563803036,21.3720517207,21.4721079927,22.0550939137,21.9064069645,7318000,0,1722.3333333333
08/03/2017 01:45:00,Tue Mar 21 2017 08:30:00 GMT+0100 (CET),1472.7027581027,5.59265,22.85712,0.3563333333,9294000,23.5,23.7,2.1666666667,-0.5666666667,0.0346666667,9.4666666667,40.9666666667,0,28.1666666667,23,22.1229095105,22.2713448367,22.1922415484,23.3345389179,21.3398943309,21.3299852274,21.9637213979,21.9664970976,7318000,0,0
08/03/2017 02:00:00,Tue Mar 21 2017 08:45:00 GMT+0100 (CET),1542.55259175,6.1047,22.95036,352,9294000,23.4666666667,23.0333333333,1.7333333333,-0.8666666667,29,10.1666666667,40.3,0,27.6333333333,23.1666666667,22.1412737833,22.156426233,22.199792866,23.0506811012,21.3009001299,21.5207904797,21.9724893119,21.8371663022,7318000,0,168.6666666667
08/03/2017 02:15:00,Tue Mar 21 2017 09:00:00 GMT+0100 (CET),1126.7926635593,6.473775,22.98033,0.3523333333,9294666.66666666,29.1333333333,22.9,1.5,-1.3666666667,0.03,10.6,41.1333333333,628,29.4666666667,22.9333333333,22.1522513259,22.1479874182,22.1346527786,23.0316480714,21.2657003933,21.5164864278,22.0673417345,21.8105902017,7318666.66666667,4748,2558.6666666667
08/03/2017 02:30:00,Tue Mar 21 2017 09:15:00 GMT+0100 (CET),1561.0438582633,6.507025,22.97034,355,9295000,27.7666666667,23.7666666667,1.2,-1.4333333333,0.0023333333,14.1666666667,39.2333333333,0,29.1666666667,23.1666666667,22.1209075968,22.1492316457,22.1910300575,22.9369714583,21.3653420723,21.5075242635,21.9711410224,21.829495741,7319000,0,1665
08/03/2017 02:45:00,Tue Mar 21 2017 09:30:00 GMT+0100 (CET),1741.9628830057,6.51035,22.95702,0.3553333333,9295000,24,24.1333333333,1.1333333333,-1.2666666667,0.0433333333,11.1666666667,42.1333333333,0,28.7,23.3333333333,22.1391916372,22.1505153521,22.1504107435,22.9363104797,21.1606446483,21.461185556,21.9734533876,21.7849136511,7319000,0,26
08/03/2017 03:00:00,Tue Mar 21 2017 09:45:00 GMT+0100 (CET),1805.4912452023,6.560225,22.98366,0.3543333333,9295000,23.9333333333,23.3333333333,1.2,-1.0666666667,0.0023333333,14.4666666667,40.0666666667,0,28.1,23.5333333333,22.1399045522,22.1602248875,22.135836551,22.9371980034,21.17516299,21.5225818042,22.0369226035,21.8259061644,7319000,0,245
08/03/2017 03:15:00,Tue Mar 21 2017 10:00:00 GMT+0100 (CET),1281.9891380646,6.593475,23.0103,0.35,9295000,23.5,23.0333333333,1.3666666667,-0.7333333333,1,17,38.3333333333,0,27.5333333333,23.7333333333,22.1440697875,22.3043274984,22.1922496009,23.0278416555,21.1943372779,21.5242994971,21.9678842719,21.7859868177,7319000,0,185.3333333333
08/03/2017 03:30:00,Tue Mar 21 2017 10:15:00 GMT+0100 (CET),16.4951433387,6.686575,23.02029,0.3533333333,9295000,23.6333333333,22.9333333333,2.7333333333,1.8333333333,1,19.8333333333,37,0.01,41.4666666667,23.1333333333,22.120005689,22.1643277741,22.1713484257,22.9395499673,21.1600349897,21.5205831851,21.9009698784,21.7834346885,7319000,195.3333333333,286.6666666667
08/03/2017 03:45:00,Tue Mar 21 2017 10:30:00 GMT+0100 (CET),15.9311897647,6.985825,23.02695,0.3526666667,9295000,23.1,22.8,3.9333333333,6.0333333333,0.1063333333,8.5,50.7,3,43.6666666667,23.1,22.1345960225,22.1995561919,22.1381736329,23.0584387197,21.1720482257,21.4508120099,21.9394067549,21.6942631282,7319000,70.5,125.3333333333
08/03/2017 04:00:00,Tue Mar 21 2017 10:45:00 GMT+0100 (CET),15.9745703288,7049,22.98033,0.3543333333,9296000,23.0333333333,22.7666666667,5.6,8.6666666667,0.0423333333,8.5666666667,49.1666666667,0.0025,41.9666666667,23.2,22.1393090467,22.146688579,22.1637053404,23.1984147049,21.1957309707,21.3329440451,21.7568195814,21.6500928743,7319000,52.5,112.3333333333
08/03/2017 04:15:00,Tue Mar 21 2017 11:00:00 GMT+0100 (CET),1766.9016877226,7.2618,23.08356,0.3533333333,9296000,23,22.6666666667,4,2.1666666667,3,13.3,46,0,39.3333333333,23.0666666667,22.2034658069,22.1455869721,22.1870732598,23.1267929232,21.1571458082,21.3886851445,21.7669663798,21.648088702,7319000,0,143.3333333333
08/03/2017 04:30:00,Tue Mar 21 2017 11:15:00 GMT+0100 (CET),1927.8368313575,6.8761,23.09022,352,9296000,22.8,22.6666666667,2.9333333333,0.7,0.0013333333,17.3333333333,43.6333333333,0,37.2,23.3333333333,22.1796149624,22.1541540123,22.1790812222,23.0227699401,21.1633029433,21.3145602108,21.8354205161,21.5961124723,7319000,0,60
08/03/2017 04:45:00,Tue Mar 21 2017 11:30:00 GMT+0100 (CET),692.1668823678,6.420575,23.08356,352,9296000,22.9,22.5666666667,3.1333333333,1.3666666667,28,11.5333333333,49.2666666667,0.01,38.9,23.1333333333,22.136399526,22.290523081,22.1385260826,22.9358741478,21.1726526824,21.326809647,21.7584943378,21.6474919724,7319000,179.3333333333,137.3333333333
08/03/2017 05:00:00,Tue Mar 21 2017 11:45:00 GMT+0100 (CET),16.0172692921,6.480425,23.09688,354,9296000,23,22.5666666667,4.2,5.4666666667,33,11.3333333333,49.9,5,45.2,22.6333333333,22.1395048724,22.1624861254,22.1442462468,22.9327734991,21.1928003113,21.322822531,21.768651012,21.5940949612,7319000,133,177
08/03/2017 05:15:00,Tue Mar 21 2017 12:00:00 GMT+0100 (CET),15.9931712579,6.8495,23.09688,354,9296000,22.7333333333,22.6,5.3666666667,9.1333333333,0.0023333333,15.8333333333,47.0333333333,0,43.2666666667,22.8333333333,22.1427595763,22.1454164219,22.1853391368,22.9323205299,21.1609671129,21.3208012513,21.8342921568,21.662364921,7319000,0,56.6666666667
08/03/2017 05:30:00,Tue Mar 21 2017 12:15:00 GMT+0100 (CET),15.9978608346,6.7963,23.09022,353,9296000,22.6,22.5,6.9,10.8666666667,1,19,44.5666666667,0,41.5,23.1333333333,22.1202492402,22.1505092539,22.1330760979,22.9808281494,21.1631939671,21.3111879485,21.7576228174,21.5904923218,7319000,0,52.6666666667
08/03/2017 05:45:00,Tue Mar 21 2017 12:30:00 GMT+0100 (CET),16.0552900895,6.66995,23.08356,352,9296000,22.6,22.5,8.3,11.9666666667,1,21.1,42.6,0,39.9,23.4,22.1384313238,22.1543194202,22.1844960333,22.9771943114,21.1837964729,21.3221371637,21.7715091124,21.6497818081,7319000,0,47
08/03/2017 06:00:00,Tue Mar 21 2017 12:45:00 GMT+0100 (CET),15.9959691011,7.00245,23.05359,353,9296000,22.6,22.5,9.6333333333,12.9333333333,0.0196666667,12.4,49.0666666667,0,38.5333333333,23.5333333333,22.1405218818,22.1473429772,22.1512933121,22.9354318384,21.1528338123,21.3243749245,21.7529485637,21.5787498431,7319000,0,50.3333333333
08/03/2017 06:15:00,Tue Mar 21 2017 13:00:00 GMT+0100 (CET),15.958306622,7.265125,23.06025,354,9296000,22.6,22.4666666667,10.8666666667,13.8666666667,0.0023333333,15.9666666667,46.0333333333,1,37.1,23.4333333333,22.1439610575,22.2465850281,22.1322116513,22.92645636,21.1877263228,21.3162161551,21.7592202351,21.648132209,7319000,15,53
08/03/2017 06:30:00,Tue Mar 21 2017 13:15:00 GMT+0100 (CET),1118.1144497763,7.4347,23.06358,352,9296000,28.3666666667,22.5,5.3,2.2,1,18.7,43.6666666667,0.6436666667,29.9,22.2666666667,22.1223838429,22.2087373393,22.1361302407,22.9133570169,21.0031174114,21.3230416905,21.6077610071,21.4479975169,7320333.33333333,5677,2386.3333333333
08/03/2017 06:45:00,Tue Mar 21 2017 13:30:00 GMT+0100 (CET),806.2645746745,7.989975,23.05026,354,9296666.66666666,30.5666666667,23.2666666667,3.6333333333,0.6333333333,1,20.3,41.7333333333,0.6345,31.3333333333,24.9,22.1235187892,22.1494995371,22.1883043172,22.9881142134,21.0262211098,21.3238014096,21.7029175456,21.547174877,7321333.33333333,4706,2993
08/03/2017 07:00:00,Tue Mar 21 2017 13:45:00 GMT+0100 (CET),18.3509896091,8.41225,23.06691,0.3543333333,9297333.33333333,30.5333333333,24.1666666667,4.3,3.2,0,22.1,40.2333333333,1,31.8666666667,25.7333333333,22.1909190189,22.1473347091,22.1410378834,22.9530901274,21.0897114795,21.4108851716,21.7506803042,21.5940205873,7322000,8,2623.3333333333
08/03/2017 07:15:00,Tue Mar 21 2017 14:00:00 GMT+0100 (CET),16.1098754206,8.654975,23.07024,0.3566666667,9298000,24.5666666667,24.6333333333,4.7333333333,7.0333333333,0,23.4666666667,38.9333333333,0,31.1333333333,24.7,22.3852884871,22.2691509749,22.1348932196,22.9167312364,21.1776962749,21.5404350535,21.7762034262,21.7149176668,7322000,0,63
08/03/2017 07:30:00,Tue Mar 21 2017 14:15:00 GMT+0100 (CET),16.0716919513,8.5785,23.09688,0.3546666667,9298000,24.4666666667,23.6,5.2333333333,8.1666666667,0,24.7,37.9,0,30.6333333333,24.3666666667,22.5132876761,22.3271541449,22.180687308,22.7974833094,21.1848291698,21.5821973127,21.8204290794,21.7746460941,7322000,0,368.6666666667
08/03/2017 07:45:00,Tue Mar 21 2017 14:30:00 GMT+0100 (CET),15.9866749038,8.11965,23.12685,0.3553333333,9298000,23.9,23.2333333333,5.9333333333,8.9333333333,121,8.9333333333,49.0333333333,0,30.0666666667,24.3666666667,22.5367235914,22.390603302,22.1896603807,23.0597070889,21.3527793063,21.7221062616,21.8920448117,21.830742556,7322000,0,263.3333333333
08/03/2017 08:00:00,Tue Mar 21 2017 14:45:00 GMT+0100 (CET),15.970255743,8.236025,23.16015,352,9298000,23.4,23.1,7,9.8333333333,3,12.1666666667,46,0,29.7,24.4333333333,22.662978368,22.5772656832,22.1351163841,22.9987913267,21.5817667917,21.836712244,21.995381269,21.9175975794,7322000,0,142.6666666667
08/03/2017 08:15:00,Tue Mar 21 2017 15:00:00 GMT+0100 (CET),1611.5957882972,7.6741,23.14683,332,9298000,23.2666666667,22.9666666667,6.4,5.5,0.0013333333,15.6,43.5666666667,0,29.7,24.2,22.7146601043,22.6126552562,22.1915335929,22.9425041859,21.7714984487,21.9089100615,22.1538526303,22.1043798383,7322000,0,121.6666666667
08/03/2017 08:30:00,Tue Mar 21 2017 15:15:00 GMT+0100 (CET),2004.0415858492,7.258475,23.30001,0.3426666667,9298000,23.0666666667,22.8,4.1333333333,1.9,1,18.7666666667,41.6333333333,0,29.1,24.2,22.9339939039,22.7089117244,22.1559527948,22.9387222004,21.7437059386,21.9063073168,22.1500749485,22.0558920879,7322000,0,85.3333333333
08/03/2017 08:45:00,Tue Mar 21 2017 15:30:00 GMT+0100 (CET),18.866041894,6.872775,23.43321,0.3393333333,9298000,23.4666666667,22.8,4.7666666667,3.9,0.0243333333,11.4333333333,49.4666666667,12,41.1,23.0333333333,22.9086019454,22.7469701829,22.1356880442,22.9320791221,21.6832286707,21.8468432204,22.1602155315,22.0465900478,7322000,201,258
08/03/2017 09:00:00,Tue Mar 21 2017 15:45:00 GMT+0100 (CET),15.9405949862,5.496225,23.41323,0.3376666667,9298000,23.1,22.9333333333,5.3333333333,8.5,0.0023333333,16.1666666667,46.3,0.0025,44.9666666667,22.9666666667,22.9105450511,22.7478396137,22.1872758495,22.9467839123,21.5543006136,21.8246941592,22.1092274288,21.9236978983,7322000,61.5,82.3333333333
08/03/2017 09:15:00,Tue Mar 21 2017 16:00:00 GMT+0100 (CET),16.038503196,3.348275,23.39325,334,9298000,22.9666666667,22.8,6.0666666667,10.2333333333,1,17.6,44.8333333333,0,43,23.3,22.9202399631,22.8235007847,22.2511420913,23.0111074722,21.4530303055,21.8408558958,21.9644991625,21.8387983546,7322000,0,61
08/03/2017 09:30:00,Tue Mar 21 2017 16:15:00 GMT+0100 (CET),15.9241142873,3458,23.28669,337,9298000,22.8666666667,22.7666666667,7.1,10.9333333333,1,19.3666666667,43,0,40.7666666667,23.7,22.7430120468,22.686530446,22.1609348029,22.8062658483,21.363350416,21.5623439493,21.9868249565,21.780442087,7322000,0,53.3333333333
08/03/2017 09:45:00,Tue Mar 21 2017 16:30:00 GMT+0100 (CET),15.9724131622,3.813775,23.13351,341,9298000,22.8,22.6333333333,8.4666666667,11.8666666667,0.0223333333,11.1333333333,49.3333333333,0,38.8333333333,23.8333333333,22.7117775099,22.5400481353,22.1430529533,22.8723059319,21.3395676809,21.5372122359,22.0164995049,21.8348642832,7322000,0,62.6666666667
08/03/2017 10:00:00,Tue Mar 21 2017 16:45:00 GMT+0100 (CET),15.9777989672,3.886925,23.06691,342,9298000,22.8,22.6333333333,9.7333333333,12.8333333333,0.0023333333,14.8333333333,46.4666666667,0,37.8,24,22.5199960956,22.4098337182,22.1434775802,22.8544259922,21.1596808025,21.5336590063,21.8493630686,21.7880155452,7322000,0,62
08/03/2017 10:15:00,Tue Mar 21 2017 17:00:00 GMT+0100 (CET),15.8519571616,3.933475,23.05359,0.3436666667,9298000,22.7333333333,22.6,11,13.8,1,17.7333333333,44.0333333333,4,37.1,23.9,22.5275242398,22.3275828262,22.1788685006,22.7691786251,21.1647764521,21.5299760754,21.8004749325,21.7169717556,7322000,60,55
08/03/2017 10:30:00,Tue Mar 21 2017 17:15:00 GMT+0100 (CET),15.8511860464,4.146275,23.04693,0.3433333333,9298000,22.6666666667,22.5666666667,12.1666666667,14.7333333333,1,20.2666666667,42.0333333333,0,34.8666666667,23.1666666667,22.529538881,22.4708359376,22.0064387147,22.7867129778,21.194413273,21.4639050592,21.8198442114,21.6050817267,7322000,0,50.3333333333
08/03/2017 10:45:00,Tue Mar 21 2017 17:30:00 GMT+0100 (CET),750.7517881416,3.747275,23.01363,0.3436666667,9298000,25.9333333333,22.5333333333,8.5666666667,7.2666666667,0,22.2333333333,40.4,0.6425,31.5,22.7666666667,22.5067399224,22.6738426198,22.0094498469,22.7304928968,21.1606286284,21.4413556981,21.7086632889,21.64132302,7322000,5830.5,1334.6666666667
08/03/2017 11:00:00,Tue Mar 21 2017 17:45:00 GMT+0100 (CET),1161.8243334261,3.7639,23.00697,334,9298666.66666666,29.9666666667,23,4.8,1.7666666667,0,23.5,38.9333333333,0.6413333333,30.6333333333,24.0666666667,22.529696258,22.5588888285,22.0182846922,22.7451649837,21.1693704448,21.3227734792,21.8306682259,21.6057101408,7323333.33333333,4902.6666666667,2695.6666666667
08/03/2017 11:15:00,Tue Mar 21 2017 18:00:00 GMT+0100 (CET),31.772723044,3724,22.97367,346,9299333.33333333,31.8,24.3666666667,4.4333333333,2.3,0.0146666667,12.8333333333,48.0666666667,3,32.5,26.2,22.5321009662,22.5385719536,22.0110484902,22.8602107012,21.1921567928,21.3319273662,21.7866475383,21.6072388767,7324000,22.5,2976
08/03/2017 11:30:00,Tue Mar 21 2017 18:15:00 GMT+0100 (CET),15.8444014883,3.5777,22.97367,349,9300000,26.4333333333,25,5.0333333333,6.5666666667,0.0143333333,11.4,48.4666666667,1,31.7333333333,25.3,22.5121073298,22.5481696291,22.0717628426,22.8937509557,21.1756005077,21.5256006881,21.7623083516,21.6391556711,7324000,5,1920
08/03/2017 11:45:00,Tue Mar 21 2017 18:30:00 GMT+0100 (CET),15.8468364448,3.75725,22.96701,0.3493333333,9300000,25,24.3,5.5,8.3666666667,0.0136666667,10.8333333333,48.3333333333,0,31,24.6,22.5139016933,22.5366796355,22.109779332,22.7711306138,21.1589087791,21.5192131875,21.8363841351,21.5999181573,7324000,0,279
08/03/2017 12:00:00,Tue Mar 21 2017 18:45:00 GMT+0100 (CET),15.9072952704,4.006625,22.95036,327,9300000,24.6333333333,23.6666666667,6.1666666667,9.0666666667,0.0023333333,14.4,45.4666666667,0,30.4333333333,24.6,22.5152978694,22.5437610961,22.0275027211,22.7288636699,21.1850151869,21.5258764012,21.7754087258,21.6463259142,7324000,0,370
08/03/2017 12:15:00,Tue Mar 21 2017 19:00:00 GMT+0100 (CET),15.901203482,4.1629,22.95702,0.3456666667,9300000,23.9,23.5,7.2,9.9333333333,0.0143333333,11.7,47.8,0,30.1,24.7,22.530720341,22.6757183274,21.9943057856,22.7236250664,21.1344552931,21.4602474996,21.7561196584,21.5929572155,7324000,0,177.3333333333
08/03/2017 12:30:00,Tue Mar 21 2017 19:15:00 GMT+0100 (CET),15.911292082,4123,22.95702,0.3466666667,9300000,23.5666666667,23.2,8.5666666667,10.9333333333,0.0023333333,15.1333333333,45.1666666667,0,29.8,24.6,22.5077919164,22.5772948245,22.0088125039,22.7843385125,21.0284266649,21.5234092155,21.8364576727,21.6217120264,7324000,0,152.3333333333
08/03/2017 12:45:00,Tue Mar 21 2017 19:30:00 GMT+0100 (CET),15.9922967889,4.0299,22.95702,0.3466666667,9300000,23.3,23,9.8333333333,12,1,17.9,42.9333333333,0,29.4333333333,24.4333333333,22.5381464132,22.5373959962,21.9885315017,22.7773537619,20.9616420169,21.4525812718,21.758516487,21.6005553395,7324000,0,127.3333333333
08/03/2017 13:00:00,Tue Mar 21 2017 19:45:00 GMT+0100 (CET),15.914232239,4.066475,22.95036,347,9300000,23.1666666667,22.9333333333,11.1,13.1666666667,1,20.2666666667,41.0666666667,0,29,24.3,22.5321154933,22.540154666,21.9253903861,22.752384829,20.9966219569,21.3204345128,21.751270122,21.625129363,7324000,0,92
08/03/2017 13:15:00,Tue Mar 21 2017 20:00:00 GMT+0100 (CET),761.8443825347,4.06315,22.94703,0.3406666667,9300000,25.1333333333,22.8,8.0666666667,7.5333333333,0,22,39.4666666667,648,29.4,23.3333333333,22.5104938327,22.5357229653,21.9571070894,22.7243692961,20.9676446994,21.3318590052,21.6939370309,21.5170147214,7324333.33333333,4912.5,909.3333333333
08/03/2017 13:30:00,Tue Mar 21 2017 20:15:00 GMT+0100 (CET),1164.2734300365,3.980025,22.90374,0.3453333333,9301000,30.0333333333,23.2333333333,5.0333333333,2,0,23.3333333333,38.2,0.6463333333,30.7666666667,24.1333333333,22.5148440967,22.5435241048,21.9859007736,22.7282152487,20.9988938683,21.3216694721,21.6443825277,21.6548268546,7325333.33333333,4980.3333333333,2732
08/03/2017 13:45:00,Tue Mar 21 2017 20:30:00 GMT+0100 (CET),425.0699147742,3.833725,22.91706,0.3443333333,9301666.66666666,31.9,24.6333333333,4.1,1.4333333333,0.0853333333,8.2333333333,48.4333333333,399,30.2,25.6,22.5304357766,22.6919813854,22.007764705,22.7303285982,20.9842710345,21.3194169765,21.8215397966,21.654150161,7326666.66666667,3602,2918.6666666667
08/03/2017 14:00:00,Tue Mar 21 2017 20:45:00 GMT+0100 (CET),1033.3945060256,3.8304,22.93371,0.3486666667,9302000,28.5,25.1333333333,4.5666666667,2.4,0.0043333333,11.0333333333,45.3666666667,276,24.9333333333,25.1333333333,22.533653618,22.5584495558,22.1411756688,22.8185726875,20.976930907,21.5137551167,22.0388588127,22.041236225,7327000,0,1361.3333333333
08/03/2017 14:15:00,Tue Mar 21 2017 21:00:00 GMT+0100 (CET),1633.165218466,3.77055,23.13351,0.3476666667,9302000,26.4,24.9,3.4333333333,0.8666666667,461,9.3666666667,46.2,0,25.5333333333,25.2,22.5098389542,22.5340680657,22.1977370203,23.1523483709,21.1925012653,21.5221789265,22.0249702385,21.9798494857,7327000,0,614
08/03/2017 14:30:00,Tue Mar 21 2017 21:15:00 GMT+0100 (CET),1498.1590979577,3.574375,23.22009,0.3496666667,9302000,25.2,24.3333333333,2.6333333333,-0.0666666667,171,10.0333333333,36.8333333333,0,25.4,25.1666666667,22.5316678322,22.5402515054,22.3719704857,23.2018694097,21.169731541,21.5247579404,22.1738667168,22.1069422696,7327000,0,344.6666666667
08/03/2017 14:45:00,Tue Mar 21 2017 21:30:00 GMT+0100 (CET),1494.3268609692,3.780525,23.1102,342,9302333.33333333,24.6333333333,23.9,2.0333333333,-0.6666666667,0.0156666667,11.3,35.2333333333,0,25.3,25.1333333333,22.5284337475,22.5345476862,22.312844502,22.9387311875,21.2200630007,21.5871577967,22.3066062243,22.1746884465,7327000,0,287.6666666667
08/03/2017 15:00:00,Tue Mar 21 2017 21:45:00 GMT+0100 (CET),1611.359144467,3.9235,23.10354,343,9303000,24.1,23.6666666667,1.7,-0.9,0.0023333333,14.3333333333,34.0333333333,0,25.1666666667,25,22.5205848975,22.5403751781,22.3085385137,22.9671578608,21.2205205207,21.6523236206,22.3530759379,22.4319285729,7327000,0,176.3333333333
08/03/2017 15:15:00,Tue Mar 21 2017 22:00:00 GMT+0100 (CET),1708.0193061093,3.8969,23.07024,0.3383333333,9303000,23.8333333333,23.5333333333,1.5,-0.9666666667,1,16.6333333333,33.1666666667,0,25.0666666667,25,22.5135583256,22.6487782181,22.2077483744,23.0161726108,21.1913616371,21.7224722807,22.3598001096,22.2980908456,7327000,0,129
08/03/2017 15:30:00,Tue Mar 21 2017 22:15:00 GMT+0100 (CET),1807.8157935043,3.8304,23.04693,339,9303000,23.6333333333,23.3666666667,1.4,-0.8666666667,1,18.8333333333,32.3,0,24.9333333333,24.9,22.5833952475,22.6365764712,22.1334139652,22.9380785887,21.1812456719,21.6095348646,22.4043973264,22.2499271398,7327000,0,99.6666666667
08/03/2017 15:45:00,Tue Mar 21 2017 22:30:00 GMT+0100 (CET),1892.9139171757,3.82375,23.05026,0.3206666667,9303000,23.5,23.2666666667,1.4333333333,-0.7,0,20.9,31.7666666667,0,24.8666666667,25,22.5508270185,22.5512539953,22.1672367515,22.9395545647,21.1647274322,21.5449282188,22.3030735687,22.2375638336,7327000,0,75.6666666667
08/03/2017 16:00:00,Tue Mar 21 2017 22:45:00 GMT+0100 (CET),1151.6226334667,3.8171,23.07024,0.3116666667,9303000,30,23.6333333333,1.4666666667,-1.2333333333,0,22.7666666667,31.8,0.75,29.5333333333,23.9333333333,22.5166655287,22.5475792218,22.198291903,22.8019778407,21.1938030697,21.5791145206,22.2344199072,22.2292554748,7327333.33333333,4851.6666666667,2223
08/03/2017 16:15:00,Tue Mar 21 2017 23:00:00 GMT+0100 (CET),835.2122937119,3.8038,23.0436,339,9303333.33333333,31.8666666667,25,1.3,-1.3666666667,0,24.3333333333,32,696,32.7,27.1333333333,22.5286474733,22.5362071876,22.1832038437,22.8513723039,21.2331317971,21.6538678599,22.2586897726,22.1690132376,7328333.33333333,4505,2698.3333333333
08/03/2017 16:30:00,Tue Mar 21 2017 23:15:00 GMT+0100 (CET),15.6528967607,3.8171,23.03361,0.3386666667,9304000,31.9,25.9333333333,2.5666666667,1.3666666667,0,25.5333333333,32.2333333333,0,32.9333333333,27.5333333333,22.5223290477,22.5323137315,22.132278932,22.7638844201,21.3811440779,21.7112543706,22.1630490579,22.2314498126,7329000,0,2355.3333333333
08/03/2017 16:45:00,Tue Mar 21 2017 23:30:00 GMT+0100 (CET),15.7712247632,3.8038,23.00697,0.3383333333,9304000,26.2,25.5666666667,3.6,5.4666666667,0,26.4,32.4,0,32.2,26.6333333333,22.5112655269,22.4897845961,22.1631273027,22.7277702691,21.5837846876,21.8448822237,22.1526440389,22.1705392249,7329000,0,248
08/03/2017 17:00:00,Tue Mar 21 2017 23:45:00 GMT+0100 (CET),15.6809454821,3.787175,23.01363,0.3306666667,9304666.66666666,26.1333333333,24.7,5.1333333333,7.7333333333,0,26.9666666667,32.5,0,31.6666666667,25.9333333333,22.5210869331,22.4428491199,22.1876705923,22.7244757789,21.5488502406,21.8154507785,22.2468823471,22.1650374513,7329000,0,562
08/03/2017 17:15:00,Tue Mar 21 2017 00:00:00 GMT+0100 (CET),426.4430688304,6.367375,22.98699,0.3356666667,9290000,31.7666666667,24.8333333333,3.5,0.9,0,28.0666666667,33.4,626,32.9333333333,26.4333333333,22.3121088062,22.3258202899,22.3259007729,22.7071525264,21.5802122543,21.5292796922,22.2399309383,22.2409398124,7315000,4749,2680.6666666667
08/03/2017 17:30:00,Tue Mar 21 2017 00:15:00 GMT+0100 (CET),15.7716248038,6.17785,22.99698,338,9291000,27.5,25.6,4.3,4.8333333333,0,28.2333333333,33.2333333333,0,32.4333333333,26.2,22.3122867057,22.3304272587,22.3222288105,22.613497676,21.5536231259,21.6450439501,22.3972551953,22.1670410786,7315000,0,751
08/03/2017 17:45:00,Tue Mar 21 2017 00:30:00 GMT+0100 (CET),15.9246705778,6.068125,22977,0.3396666667,9291000,25.7,24.4333333333,4.9,7.8666666667,0,28.3333333333,33.0333333333,0,31.7,25.4666666667,22.308444608,22.4138709985,22.2575271663,22.5442998922,21.6817881364,21.7027407886,22.1575086993,22.2219384248,7315000,0,493.3333333333
08/03/2017 18:00:00,Tue Mar 21 2017 00:45:00 GMT+0100 (CET),15.8963965981,6.09805,22.96368,0.3393333333,9291000,24.9666666667,24.0666666667,5.7,8.8666666667,0,28.4333333333,32.9,0,31.1,25.2666666667,22.3059438104,22.4009911701,22.2023801092,22.5937838433,21.7229006836,21.729877261,22.174958912,22.1693664578,7315000,0,365.6666666667
08/03/2017 18:15:00,Tue Mar 21 2017 01:00:00 GMT+0100 (CET),15.8746912941,6.12465,22.95702,0.3386666667,9291000,24.2666666667,23.7,6.7,9.7666666667,0,28.5666666667,32.7666666667,0,30.5,25.2,22.3117805196,22.3369582096,22.2076570551,22.5443278054,21.7598611561,21.71220279,22.2607862499,22.2345741163,7315000,0,211.6666666667
08/03/2017 18:30:00,Tue Mar 21 2017 01:15:00 GMT+0100 (CET),15.8841649959,6.37735,22.95036,0.3116666667,9291000,23.9333333333,23.5,7.9666666667,10.8,0,28.6333333333,32.6333333333,0,29.9,25.2,22.3093284873,22.327256584,22.1996252371,22.6814785779,21.7380222884,21.72888687,22.282753349,22.1654492887,7315000,0,157
08/03/2017 18:45:00,Tue Mar 21 2017 01:30:00 GMT+0100 (CET),15.8823702873,6.520325,22.95702,0.3376666667,9291000,23.6666666667,23.3666666667,9.2333333333,11.8333333333,0,28.7,32.5,0,29.3666666667,25.2,22.3033548603,22.3288557538,22.1636668997,22.604217553,21.7398495704,21.7295315193,22.3454570142,22.2293293629,7315000,0,120
08/03/2017 19:00:00,Tue Mar 21 2017 01:45:00 GMT+0100 (CET),15.9724490791,6.5569,22.94037,0.3366666667,9291000,23.4333333333,23.2,10.5,12.8666666667,0,28.6333333333,32.3666666667,0,28.8666666667,25.2,22.3033726923,22.3297605336,22.1430257621,22.5531594095,21.7745693134,21.7177386201,22.4065216059,22.1654143462,7315000,0,96.6666666667
08/03/2017 19:15:00,Tue Mar 21 2017 02:00:00 GMT+0100 (CET),15.9559010697,6.640025,22.90707,0.3373333333,9291000,23.3333333333,23.1333333333,11.7,13.8333333333,0,28.7666666667,32.2333333333,0,28.4333333333,25.1666666667,22.3133364074,22.3568287671,22.1539800477,22.5448593311,21.7797457346,21.730850892,22.3930886858,22.238625092,7315000,0,79.6666666667
08/03/2017 19:30:00,Tue Mar 21 2017 02:15:00 GMT+0100 (CET),15.9735336767,6.5037,22.90707,0.3273333333,9291000,23.2,23,12.8333333333,14.6666666667,0,28.7666666667,32.1333333333,0,28.1,25.2,22.3179245759,22.4127190484,22.1915597404,22.5411519414,21.7829310567,21.7195540375,22.2873994499,22.1737439949,7315000,0,63
08/03/2017 19:45:00,Tue Mar 21 2017 02:30:00 GMT+0100 (CET),16.0315503226,6.2111,22.92372,0.3126666667,9291000,23.1,23,13.8333333333,15.4666666667,0,28.8,32.0666666667,0,27.7,25.1333333333,22.3030778733,22.3455676801,22.1302096821,22.5831105367,21.7563073103,21.6987950678,22.2715343788,22.2292250137,7315000,0,52
08/03/2017 20:00:00,Tue Mar 21 2017 02:45:00 GMT+0100 (CET),15.8902096087,6.0382,22.89042,337,9291000,23.0333333333,22.9,14.7,16.1666666667,0,28.8,31.9666666667,0,27.4,25.1333333333,22.3216482688,22.3296593794,22.1926512059,22.5775491914,21.7594834154,21.7019142846,22.4129373015,22.1725743211,7315000,0,45.6666666667
08/03/2017 20:15:00,Tue Mar 21 2017 03:00:00 GMT+0100 (CET),15.929779191,5.93845,22.89375,0.3373333333,9291000,22.9666666667,22.8,15.5333333333,16.8,0,28.9,31.9,0,27.1333333333,25.1333333333,22.3276611245,22.3265110993,22.1954463303,22.54669773,22.0282793553,21.7032093673,22.2844131087,22.206759577,7315000,0,46
08/03/2017 20:30:00,Tue Mar 21 2017 03:15:00 GMT+0100 (CET),16.05182471,5.861975,22.89708,0.3363333333,9291000,22.9,22.8,16.3,17.4,0,28.8,31.8666666667,0,26.8666666667,25.1,22.2620354567,22.3321456033,22.1407636077,22.5442551404,22.1569278693,21.6580117128,22.2858045989,22.165209958,7315000,0,36.6666666667
08/03/2017 20:45:00,Tue Mar 21 2017 03:30:00 GMT+0100 (CET),15.9256810079,5.77885,22.89042,335,9291000,22.9,22.8,17,17.9,0,28.8,31.7666666667,0,26.6666666667,25.1,22.3037952744,22.3365529851,22.1431004895,22.544260387,22.1600090736,21.708809947,22.274846586,22.1969861671,7315000,0,37
08/03/2017 21:00:00,Tue Mar 21 2017 03:45:00 GMT+0100 (CET),16.0650623084,5.6392,22.86378,339,9291000,22.8333333333,22.7666666667,17.6,18.4,0,28.8333333333,31.7,0,26.4666666667,25.1,22.3232234151,22.460402559,22.1976754382,22.6032759577,22.1530350123,21.700894985,22.175690407,22.1660802516,7315000,0,32.3333333333
08/03/2017 21:15:00,Tue Mar 21 2017 04:00:00 GMT+0100 (CET),15.9751033456,5586,22.85712,0.3346666667,9291000,22.8,22.7333333333,18.1333333333,18.8333333333,0,28.9,31.7,0,26.2666666667,25.0333333333,22.2071733574,22.3493464997,22.1934992166,22.5832366147,22.1509339538,21.5294212439,22.1735364521,22.1323894501,7315000,0,34
08/03/2017 21:30:00,Tue Mar 21 2017 04:15:00 GMT+0100 (CET),1096.3615881178,5.52615,22.8438,0.3356666667,9291333.33333333,26.9,22.7333333333,10.5,8.5,0,28.8666666667,31.6,624,28.6666666667,23.4333333333,22.1329477441,22.2831654338,22.1388664441,22.5378254496,22.1594287202,21.5854244752,22.2591588618,22.1193108746,7315666.66666667,5276,1627.6666666667
08/03/2017 21:45:00,Tue Mar 21 2017 04:30:00 GMT+0100 (CET),797.3206304126,5.4264,22.83048,336,9292000,31.0666666667,24.5333333333,4.7666666667,1.6666666667,0,28.9,31.5333333333,632,31.9333333333,25.2333333333,22.123138554,22.273117293,22.1901887981,22.5368941159,22.1826930119,21.5922895732,22.1755203276,22.22203491,7316666.66666667,4925.5,2535
08/03/2017 22:00:00,Tue Mar 21 2017 04:45:00 GMT+0100 (CET),15.8522815636,5.33995,22.76721,0.3396666667,9292666.66666666,30.4333333333,25.4,5.2666666667,4.2666666667,0,28.9666666667,31.5,0,32.8,26.4666666667,22.1267458218,22.2699084654,22.1179494359,22.5445482671,22.1688304663,21.6990120366,22.1665830456,22.1796876765,7317000,0,2013.3333333333
08/03/2017 22:15:00,Tue Mar 21 2017 05:00:00 GMT+0100 (CET),15.8479511221,5.35325,22.87377,0.3363333333,9293000,25.6333333333,24.8,5.6666666667,7.9666666667,0,28.9333333333,31.4333333333,0,32.0666666667,25.8333333333,22.1263460549,22.3167666022,21.9846801718,22.6051603606,22.1627592451,21.7046379866,22.2737364362,22.1846801141,7317000,0,336
08/03/2017 22:30:00,Tue Mar 21 2017 05:15:00 GMT+0100 (CET),15.813591541,5.336625,22.82715,0.3463333333,9293000,25.3333333333,23.7,6.2333333333,9.4,0,29,31.3666666667,0,31.4,25.3666666667,22.1204512091,22.3189566774,22.0435256867,22.5823555345,22.1486826793,21.7034967422,22.152806669,22.1996356245,7317000,0,653.3333333333
08/03/2017 22:45:00,Tue Mar 21 2017 05:30:00 GMT+0100 (CET),15.7910174665,5.329975,22.79052,0.3463333333,9293000,24.0333333333,23.6,7.1333333333,10.1666666667,0,29.0666666667,31.2666666667,0,30.8333333333,25.2666666667,22.1849380295,22.1637126383,22.0015862014,22.5443693271,22.1532305395,21.7215490495,22.1611964192,22.1764642567,7317000,0,182.3333333333
08/03/2017 23:00:00,Tue Mar 21 2017 05:45:00 GMT+0100 (CET),15.8646681035,5.2535,22.80384,347,9293000,23.7,23.2,8.5,11.1333333333,0,29,31.3,0,30.1666666667,25.2,22.1341182671,22.2793818174,21.9276593038,22.5446566175,22.1522197229,21.7273498526,22.2139542713,22.2130258119,7317000,0,205.3333333333
08/03/2017 23:15:00,Tue Mar 21 2017 06:00:00 GMT+0100 (CET),15.8298962188,5.210275,22.79718,327,9293000,23.3333333333,23.0333333333,9.8,12.2,0,29,31.1666666667,0,29.5666666667,25.1666666667,22.1848756921,22.2618185096,21.9660325447,22.5369004407,22.1664231242,21.7117567167,22.1630483122,22.1751385698,7317000,0,114
08/03/2017 23:30:00,Tue Mar 21 2017 06:15:00 GMT+0100 (CET),15.7446500267,5.170375,22.7772,0.3423333333,9293000,23.1666666667,22.9,11.0333333333,13.3333333333,0,28.9333333333,31.1666666667,0,29,25.1,22.251425629,22.1469532285,21.986437565,22.5900935869,21.9019571025,21.5930591563,22.1575181295,22.2108241905,7317000,0,102
08/03/2017 23:45:00,Tue Mar 21 2017 06:30:00 GMT+0100 (CET),15.8124593666,5.216925,22.78053,345,9293000,23,22.8,12.2333333333,14.3,0,28.9333333333,31.1333333333,0,28.5333333333,25.1666666667,22.3038577042,22.1544093689,21.931384547,22.6005378693,21.7770558445,21.6063887995,22.226503427,21.9898857231,7317000,0,67.6666666667
09/03/2017 00:00:00,Tue Mar 21 2017 06:45:00 GMT+0100 (CET),15.7438567,5.32,22.77054,0.3473333333,9293000,22.9333333333,22.7666666667,13.3666666667,15.1666666667,0,28.8666666667,31.0666666667,0,28.1,25.1333333333,22.3089560774,22.3449274174,21.9313424445,22.5442612751,21.5572092823,21.5533976888,22.2110353275,22.0148749626,7317000,0,73
09/03/2017 00:15:00,Tue Mar 21 2017 07:00:00 GMT+0100 (CET),15.7745693959,5.39315,22.76721,0.3473333333,9293000,22.8333333333,22.7,14.4,15.9,0.1703333333,8.9666666667,46.9333333333,0,27.7,25.1333333333,22.3228502687,22.2448182713,21.9735292267,22.6030561787,21.5807329996,21.5669222721,22.143584044,21.9917166911,7317000,0,50.6666666667
09/03/2017 00:30:00,Tue Mar 21 2017 07:15:00 GMT+0100 (CET),1691.1173817177,5.462975,22.84713,341,9293000,22.8,22.7,6.7,4.2666666667,0.0366666667,8.8333333333,45.6333333333,0,28.1333333333,24.0666666667,22.3130707414,22.148136133,22.1594775337,22.7279499939,21.5129012126,21.5447684369,22.1590392361,22.0203731,7317000,0,51.6666666667
09/03/2017 00:45:00,Tue Mar 21 2017 07:30:00 GMT+0100 (CET),1811.0762056452,5453,22.83048,0.3473333333,9293000,22.7666666667,22.7,4.8666666667,2.3,0.0253333333,10.5333333333,45.3,0,27.5666666667,24.0333333333,22.3115036473,22.1465762798,22.1387659804,22.6705610427,21.3819237408,21.6134157197,22.2188787686,22.0085470154,7317000,0,40
09/03/2017 01:00:00,Tue Mar 21 2017 07:45:00 GMT+0100 (CET),1912.8096311216,5.61925,22.83381,0.3473333333,9293000,22.7666666667,22.5666666667,3.9,1.6333333333,24,10.6666666667,47.2333333333,0,26.9666666667,24.2,22.3079675936,22.1455942454,22.1900841062,22.6101918529,21.340015871,21.6590213286,22.1575985878,22.0445565635,7317000,0,88
09/03/2017 01:15:00,Tue Mar 21 2017 08:00:00 GMT+0100 (CET),1414.0278560637,5.742275,22.96701,0.3523333333,9293333.33333333,27.4666666667,22.5666666667,3.4,0.8,0.2846666667,9.5333333333,49.1666666667,0.6785,28.2666666667,23.1,22.321914888,22.1461789604,22.1877732304,22.8530481614,21.3832433183,21.6587651372,22.1060976535,21.9952063506,7317666.66666667,5269,2027
09/03/2017 01:30:00,Tue Mar 21 2017 08:15:00 GMT+0100 (CET),1409.8404959108,5.562725,23.35329,0.3523333333,9294000,27.4666666667,23.2333333333,2.7,-0.05,0.3143333333,7.8333333333,45.5333333333,0,28.6,22.6333333333,22.1824769458,22.2345217675,22.1453448679,23.6563803036,21.3720517207,21.4721079927,22.0550939137,21.9064069645,7318000,0,1722.3333333333
09/03/2017 01:45:00,Tue Mar 21 2017 08:30:00 GMT+0100 (CET),1472.7027581027,5.59265,22.85712,0.3563333333,9294000,23.5,23.7,2.1666666667,-0.5666666667,0.0346666667,9.4666666667,40.9666666667,0,28.1666666667,23,22.1229095105,22.2713448367,22.1922415484,23.3345389179,21.3398943309,21.3299852274,21.9637213979,21.9664970976,7318000,0,0
09/03/2017 02:00:00,Tue Mar 21 2017 08:45:00 GMT+0100 (CET),1542.55259175,6.1047,22.95036,352,9294000,23.4666666667,23.0333333333,1.7333333333,-0.8666666667,29,10.1666666667,40.3,0,27.6333333333,23.1666666667,22.1412737833,22.156426233,22.199792866,23.0506811012,21.3009001299,21.5207904797,21.9724893119,21.8371663022,7318000,0,168.6666666667
09/03/2017 02:15:00,Tue Mar 21 2017 09:00:00 GMT+0100 (CET),1126.7926635593,6.473775,22.98033,0.3523333333,9294666.66666666,29.1333333333,22.9,1.5,-1.3666666667,0.03,10.6,41.1333333333,628,29.4666666667,22.9333333333,22.1522513259,22.1479874182,22.1346527786,23.0316480714,21.2657003933,21.5164864278,22.0673417345,21.8105902017,7318666.66666667,4748,2558.6666666667
09/03/2017 02:30:00,Tue Mar 21 2017 09:15:00 GMT+0100 (CET),1561.0438582633,6.507025,22.97034,355,9295000,27.7666666667,23.7666666667,1.2,-1.4333333333,0.0023333333,14.1666666667,39.2333333333,0,29.1666666667,23.1666666667,22.1209075968,22.1492316457,22.1910300575,22.9369714583,21.3653420723,21.5075242635,21.9711410224,21.829495741,7319000,0,1665
09/03/2017 02:45:00,Tue Mar 21 2017 09:30:00 GMT+0100 (CET),1741.9628830057,6.51035,22.95702,0.3553333333,9295000,24,24.1333333333,1.1333333333,-1.2666666667,0.0433333333,11.1666666667,42.1333333333,0,28.7,23.3333333333,22.1391916372,22.1505153521,22.1504107435,22.9363104797,21.1606446483,21.461185556,21.9734533876,21.7849136511,7319000,0,26
09/03/2017 03:00:00,Tue Mar 21 2017 09:45:00 GMT+0100 (CET),1805.4912452023,6.560225,22.98366,0.3543333333,9295000,23.9333333333,23.3333333333,1.2,-1.0666666667,0.0023333333,14.4666666667,40.0666666667,0,28.1,23.5333333333,22.1399045522,22.1602248875,22.135836551,22.9371980034,21.17516299,21.5225818042,22.0369226035,21.8259061644,7319000,0,245
09/03/2017 03:15:00,Tue Mar 21 2017 10:00:00 GMT+0100 (CET),1281.9891380646,6.593475,23.0103,0.35,9295000,23.5,23.0333333333,1.3666666667,-0.7333333333,1,17,38.3333333333,0,27.5333333333,23.7333333333,22.1440697875,22.3043274984,22.1922496009,23.0278416555,21.1943372779,21.5242994971,21.9678842719,21.7859868177,7319000,0,185.3333333333
09/03/2017 03:30:00,Tue Mar 21 2017 10:15:00 GMT+0100 (CET),16.4951433387,6.686575,23.02029,0.3533333333,9295000,23.6333333333,22.9333333333,2.7333333333,1.8333333333,1,19.8333333333,37,0.01,41.4666666667,23.1333333333,22.120005689,22.1643277741,22.1713484257,22.9395499673,21.1600349897,21.5205831851,21.9009698784,21.7834346885,7319000,195.3333333333,286.6666666667
09/03/2017 03:45:00,Tue Mar 21 2017 10:30:00 GMT+0100 (CET),15.9311897647,6.985825,23.02695,0.3526666667,9295000,23.1,22.8,3.9333333333,6.0333333333,0.1063333333,8.5,50.7,3,43.6666666667,23.1,22.1345960225,22.1995561919,22.1381736329,23.0584387197,21.1720482257,21.4508120099,21.9394067549,21.6942631282,7319000,70.5,125.3333333333
09/03/2017 04:00:00,Tue Mar 21 2017 10:45:00 GMT+0100 (CET),15.9745703288,7049,22.98033,0.3543333333,9296000,23.0333333333,22.7666666667,5.6,8.6666666667,0.0423333333,8.5666666667,49.1666666667,0.0025,41.9666666667,23.2,22.1393090467,22.146688579,22.1637053404,23.1984147049,21.1957309707,21.3329440451,21.7568195814,21.6500928743,7319000,52.5,112.3333333333
