24.2573;24.3612;24.2483;24.1458;24.1407;24.1345;24.1395;24.2437;24.1837;24.1414;24.1396;24.0708;24.0986;24.2890;23.9981;23.9355;24.0562;23.9381;23.9548;24.0739;23.9305;23.9329;23.9252;23.9231;23.9624;24.0739;23.9355;23.9244;23.9248;23.9249;23.9603;24.0960;24.1505;24.0112;23.9624;24.1424;24.1520;24.2904;24.1510;24.1474;24.1380;24.1358;24.1630;24.2820;24.0787;23.9938;23.9255;23.9384;23.9500;24.0629;23.9408;23.9331;23.9319;23.9374;23.9972;24.0044;23.9372;23.9335;23.9335;23.9372;23.9195;24.0099;23.8764;23.9303;23.8646;23.7424;23.9362;23.9917;23.8774;23.8624;23.8047;23.9294;23.8033;23.9461;23.8877;23.9377;23.8643;23.9245;23.7418;23.8405;23.8047;23.7443;23.7461;23.7427;23.7448;23.7717;23.8610;23.7676;23.7380;23.7442;23.7429;23.7403;23.8011;23.8879;23.7484;23.7263
23.6017;23.5401;23.6044;23.6398;23.6098;23.5366;23.5268;23.5321;23.4680;23.4170;23.3782;23.4665;23.3664;23.3457;23.3442;23.3370;23.3378;23.3309;23.3694;23.3876;23.2972;23.3239;23.3257;23.1412;23.1396;23.1373;23.2084;23.2399;23.1682;23.1412;23.1449;23.1450;23.1428;23.1387;23.1762;23.4197;23.3656;23.2681;23.2776;23.2754;23.3251;23.3299;23.3583;23.5016;23.3755;23.3315;23.3241;23.3253;23.3301;23.3398;23.4318;23.4313;23.4898;23.4749;23.5359;23.5335;23.5309;23.6449;23.6085;23.5589;23.6019;23.6127;23.7399;23.7709;23.8488;23.7487;23.7477;23.7470;23.7453;23.7567;23.9802;23.8742;23.8628;23.9417;23.9380;23.9327;24.0864;23.9080;23.9267;23.9229;23.9272;23.9345;24.0699;23.9659;23.9257;23.9321;23.9304;23.8873;24.0699;23.9639;23.9252;23.7438;23.8009;23.8711;23.8965;23.7588
23.7450;23.7386;23.7441;23.7437;23.8378;23.7974;23.7424;23.6684;23.6443;23.7262;23.8087;23.6715;23.6121;23.6072;23.5322;23.5293;23.5310;23.6388;23.6466;23.5411;23.5373;23.5324;23.5518;23.5349;23.6429;23.6111;23.5446;23.5333;23.5346;23.5322;23.5389;23.6247;23.6510;23.5517;23.5389;23.5480;23.5986;23.7321;23.8079;23.8123;23.7479;23.7396;23.7437;23.7427;23.7966;23.8408;23.7489;23.7454;23.8648;23.9241;23.9374;24.0552;23.9636;23.9345;23.9431;23.9877;23.9525;24.2310;24.1907;24.0790;24.1296;24.1274;24.1388;24.1004;24.1680;23.9348;24.0137;24.0062;24.0604;24.2461;24.1513;24.1345;24.1305;24.1349;24.1794;24.2495;24.1537;24.2712;24.3171;24.2503;24.4030;24.3459;24.1973;24.3190;24.2572;24.4179;24.4066;24.3108;24.2553;24.2136;24.2233;24.2663;24.1530;24.1355;24.1353;24.1357
24.1915;24.2799;24.1412;24.0626;23.9888;23.9954;23.9971;24.0177;23.9418;23.9336;23.9351;23.9244;23.9643;24.0635;23.9472;23.9258;23.9275;23.9307;23.9016;23.9514;23.8793;23.8048;23.8000;23.7437;23.8045;24.0344;23.8412;23.7517;23.8014;23.7464;23.8059;23.7569;23.9524;23.7794;23.7471;23.8088;23.7405;23.8021;23.9160;23.8649;23.9320;23.9263;23.9362;23.9454;24.0657;23.9878;23.9433;23.9373;23.9445;23.9269;24.0751;23.9771;23.9302;23.9294;23.9278;23.9648;24.0389;23.9441;23.9251;23.9261;23.9270;23.9841;24.0515;23.9466;23.9296;23.9351;23.9313;24.0012;24.0083;23.9342;23.9258;23.9365;23.9487;24.0765;23.9499;23.9344;23.9927;24.1107;24.0596;24.1717;24.1299;24.0663;24.0823;24.1315;24.1020;24.0075;23.9931;23.9357;23.9279;23.9440;24.0321;24.0043;23.9299;23.9300;23.9415;23.9378
23.9700;23.8731;23.8047;23.7419;23.7382;23.7399;23.7988;23.7954;23.6681;23.6792;23.7398;23.7337;23.8318;23.7467;23.5608;23.6668;23.5353;23.5332;23.6494;23.6959;23.5577;23.5375;23.5327;23.5283;23.5374;23.6128;23.6193;23.5381;23.5252;23.5357;23.5346;23.5338;23.6246;23.6097;23.5420;23.5372;23.5328;23.5380;23.7134;23.6328;23.6765;23.6044;23.6272;23.7122;23.5858;23.7696;23.7499;23.7266;23.7436;23.7467;23.7656;23.9666;23.9437;23.9274;23.9340;23.9327;24.0073;24.2274;24.1431;24.1393;24.1385;24.1392;24.2317;24.1993;24.1354;24.1335;24.1327;24.1385;24.2537;24.1808;24.1384;24.1401;24.1350;24.2039;24.2135;24.1393;24.1369;24.1397;24.1402;24.1908;24.1496;24.1369;24.1354;24.1338;24.2111;24.2058;24.1405;24.0059;23.9336;23.9373;24.0883;23.9520;23.9252;23.9237;23.9346;23.9335
23.9510;23.7986;23.8064;23.8734;23.7364;23.7453;23.8736;23.7563;23.7411;23.7440;23.7424;23.7364;23.8030;23.7419;23.6775;23.6007;23.6129;23.5305;23.6072;23.8079;23.5515;23.5313;23.5861;23.5355;23.5468;23.6450;23.6596;23.7315;23.5379;23.5340;23.6637;23.5431;23.7559;23.6277;23.7424;23.7419;23.7434;23.7436;23.8616;23.8110;23.8094;23.8006;23.7482;23.7991;23.8914;24.0884;23.8883;23.9259;23.9286;23.9282;23.9454;24.0368;23.9453;23.9252;23.9286;24.0007;24.1352;24.0528;23.9673;23.9338;23.9333;23.9206;23.9370;24.1228;23.9610;23.9374;23.9395;23.9320;23.9363;24.0622;24.0352;24.0784;23.9958;23.9910;24.0647;24.2619;24.0770;24.1250;24.0689;24.0653;24.0717;24.1387;24.0746;24.1341;24.1427;24.1399;24.2714;24.1783;24.1333;24.1347;24.0759;23.9427;24.0736;23.9453;23.9221;23.9256
23.9448;23.9355;23.9578;23.7695;23.7464;23.7459;23.7405;23.7435;23.8232;23.7914;23.6159;23.7309;23.7238;23.5426;23.6490;23.6636;23.5498;23.5343;23.5307;23.5401;23.5446;23.5714;23.6751;23.5565;23.5331;23.5444;23.5362;23.5367;23.5857;23.6914;23.5505;23.5303;23.6517;23.7384;23.7420;23.7700;23.8659;23.8207;23.8078;23.8730;23.9218;23.9683;24.0643;23.9547;23.9375;24.0680;24.1370;24.1430;24.2767;24.3417;24.3386;24.3176;24.3328;24.5023;24.4757;24.5274;24.5379;24.5305;24.6261;24.5406;24.5236;24.5521;24.5479;24.7729;24.6003;24.6191;24.5258;24.5994;24.6323;24.6046;24.7379;24.7140;24.8207;24.7488;24.7204;24.7056;24.7102;24.7221;24.6675;24.7176;24.6571;24.8388;24.5709;24.6048;24.6064;24.6047;24.6612;24.5588;24.5422;24.5337;24.6543;24.6105;24.5441;24.5235;24.5225;24.6084
24.5686;24.5295;24.5284;24.5300;24.6442;24.5589;24.5227;24.5207;24.5079;24.5701;24.3537;24.4036;24.3232;24.3363;24.5320;24.3930;24.3298;24.3177;24.3221;24.4373;24.3381;24.3166;24.3319;24.3143;24.3880;24.4017;24.3469;24.3185;24.3183;24.3482;24.4277;24.3316;24.3245;24.3158;24.3318;24.4784;24.3579;24.4441;24.4031;24.5233;24.5579;24.5815;24.5305;24.5239;24.5275;24.8270;24.7453;24.7992;24.8685;24.9423;25.0444;24.9461;25.1195;25.1314;25.2870;25.1953;25.2564;25.3305;25.3785;25.3722;25.3291;25.3369;25.3816;25.3823;25.3139;25.3231;25.3835;25.4016;25.3254;25.3292;25.5586;25.4680;25.5226;25.3972;25.5643;25.4082;25.5237;25.5266;25.6258;25.5163;25.5225;25.5646;25.5440;25.5173;25.5217;25.6265;25.5347;25.5207;25.5272;25.6103;25.5302;25.5230;25.5327;25.6076;25.3992;25.3957
25.3785;25.4285;25.3253;25.3107;25.3466;25.4364;25.3335;25.3282;25.2529;25.2777;25.1370;25.1266;25.1363;25.2363;25.1489;25.1262;25.1284;25.2124;25.1976;25.1251;25.1293;25.1270;25.1707;24.9627;24.9969;24.9453;25.1569;25.1800;25.1309;25.1322;25.1263;25.2409;25.1387;25.1265;25.1253;25.3945;25.3425;25.3308;25.3361;25.3793;25.5741;25.5216;25.4602;25.5651;25.6161;25.5158;25.5214;25.5730;25.5857;25.5168;25.6601;25.7699;25.8824;25.9126;25.9170;25.9903;25.9850;25.9322;25.9133;26.0305;25.9367;25.9266;25.9285;26.0059;25.9241;25.9250;25.9783;25.9875;25.9111;25.9179;26.0207;25.9216;25.9276;25.9886;26.1699;26.1226;26.0562;26.1417;26.1063;26.1137;26.1612;26.1135;26.0930;25.9420;26.0913;25.9449;25.9211;25.9853;26.0330;25.9143;25.9052;25.9660;25.9797;25.9133;25.9239;26.0424
25.9399;25.9226;25.8659;26.0081;25.7944;25.7271;25.7358;25.8484;25.7353;25.7320;25.7335;25.8227;25.7276;25.7246;25.7440;25.6414;25.5242;25.5164;25.5204;25.6208;25.5403;25.5233;25.5166;25.5729;25.5955;25.5200;25.5210;25.5231;25.6006;25.5296;25.5171;25.6659;25.7972;25.7494;25.7311;25.7288;25.7913;25.7749;25.7181;25.7321;25.8521;25.9550;25.9093;25.9157;26.0872;26.1272;26.1162;26.1303;26.3730;26.3168;26.3262;26.4222;26.3991;26.5086;26.5740;26.5283;26.5081;26.5991;26.7839;26.7284;26.7195;26.8246;26.7251;26.7222;26.8366;26.7271;26.7234;26.8212;26.7294;26.7235;26.8011;26.7208;26.7158;26.7707;26.7508;26.7225;26.7752;26.7619;26.7226;26.8621;26.7676;26.7794;26.8295;26.7625;26.7220;26.7722;26.8116;26.7289;26.7228;26.7961;26.7239;26.7186;26.7860;26.7288;26.7205;26.8074
26.6703;26.7040;26.6320;26.6731;26.6362;26.5181;26.6220;26.5150;26.5170;26.5771;26.5229;26.5149;26.5299;26.5162;26.5047;26.3971;26.3431;26.3262;26.3362;26.4237;26.3291;26.2616;26.1689;26.1213;26.0623;26.1087;26.2262;26.2493;26.3321;26.4050;26.3735;26.3157;26.3271;26.4060;26.3235;26.3186;26.3848;26.3848;26.3280;26.3304;26.4232;26.3349;26.3227;26.4331;26.5465;26.5102;26.5181;26.5879;26.5888;26.7211;26.8261;26.7818;26.9013;27.0082;26.9147;26.9122;26.9738;26.9211;27.0532;27.1965;27.1117;27.1176;27.1863;27.1137;27.1064;27.1753;27.1166;27.1134;27.1950;27.1134;27.1213;27.3110;27.3128;27.3023;27.2444;27.1571;27.2222;27.1441;27.2349;27.2790;27.2506;27.2977;27.3706;27.1770;27.2960;27.3762;27.1135;27.1250;27.1725;27.1146;27.1755;27.1264;27.1098;27.1885;27.1191;27.1126
27.1907;27.1194;27.1157;27.1816;27.1151;27.1119;27.1891;27.1120;26.9701;27.0073;26.9118;26.9026;27.0161;26.9072;26.9058;26.9794;26.9088;26.9050;27.0248;26.9049;26.9060;26.9891;26.9052;26.9048;27.0344;26.9109;26.9009;26.9905;26.9144;26.9042;27.0232;26.9169;26.9065;27.0161;27.1129;27.1134;27.1774;27.1125;27.1596;27.1718;27.1155;27.1666;27.2595;27.3119;27.3935;27.3209;27.3110;27.5760;27.5073;27.5053;27.6561;27.7069;27.7668;27.7198;27.7136;27.7900;27.7141;27.7293;27.7626;27.7189;27.7663;27.7223;27.7171;27.7707;27.7202;27.7772;27.7158;27.7208;27.7988;27.7205;27.7655;27.7698;27.7204;27.8223;27.7169;27.7148;27.8145;27.7062;27.7642;27.7262;27.7194;27.7853;27.7193;27.7672;27.7348;27.7187;27.7761;27.7169;27.7415;27.7619;27.7183;27.8148;27.7205;27.7184;27.7509;27.6912
27.6981;27.5643;27.5081;27.5769;27.5124;27.5062;27.5941;27.5127;27.5554;27.5645;27.5072;27.5719;27.4504;27.3217;27.3727;27.3134;27.2995;27.3690;27.3215;27.3046;27.4273;27.3046;27.1757;27.2167;27.1161;27.1288;27.1722;27.1229;27.1672;27.3528;27.3063;27.4052;27.3135;27.2980;27.3618;27.3744;27.5103;27.6238;27.5069;27.5273;27.6254;27.7117;27.7851;27.7229;27.7812;27.9621;27.9059;27.9188;27.9617;27.9877;28.1737;28.1103;28.1191;28.1581;28.1038;28.1648;28.1102;28.1744;28.1724;28.1241;28.1765;28.1705;28.1797;28.1167;28.1105;28.1723;28.1067;28.1604;28.1183;28.1061;28.1948;28.1746;28.3515;28.1415;28.1037;28.3391;28.1811;28.1688;28.1893;28.1095;28.2033;28.1088;28.1661;28.1107;28.1081;28.1761;28.1079;28.1814;28.1214;28.1061;28.1950;28.1063;28.1626;28.1151;28.1058;28.1807
28.1071;28.1582;28.0520;28.0453;27.9692;27.9040;27.9543;27.9558;27.9024;27.9740;27.9028;27.8966;28.0041;27.8934;27.9465;27.9553;27.8978;27.9641;27.8981;27.8346;27.9316;27.9029;27.8411;27.8043;27.7682;27.9120;27.7278;27.7864;27.9899;27.8991;27.8907;27.8835;27.9035;27.9468;27.8442;27.7908;27.9639;27.8371;27.9080;27.9542;27.9011;27.9942;27.9011;27.9041;27.9784;27.8928;27.9159;27.9575;27.8965;27.9531;27.9099;27.9088;27.9552;27.9076;27.9088;27.9749;28.1018;28.1203;28.1521;28.1058;28.1706;28.1154;28.1046;28.1727;28.1068;28.1568;28.0813;28.0280;28.0859;28.0903;28.1112;28.1774;28.1083;28.0834;28.0287;27.8984;27.9927;27.8987;27.9579;27.9105;27.8999;27.9647;27.8974;27.9149;27.9593;27.8980;27.9520;27.9066;27.9013;27.9578;27.9054;27.8984;27.9135;27.7176;27.7645;27.7326
27.7193;27.7841;27.5716;27.6334;27.5925;27.5059;27.5146;27.5690;27.5054;27.5385;27.4452;27.3134;27.3627;27.3637;27.2990;27.3152;27.3712;27.2925;27.2291;27.1224;27.1159;27.2065;27.1148;27.1173;27.1732;27.1226;27.1141;27.1778;27.1204;27.1149;27.1694;27.1646;27.1160;27.1685;27.1834;27.1113;27.3430;27.3597;27.2970;27.3195;27.3695;27.2981;27.3297;27.3651;27.3110;27.3109;27.3738;27.3057;27.3483;27.3743;27.3145;27.3310;27.4118;27.4296;27.3736;27.3505;27.5048;27.5755;27.5123;27.5041;27.5637;27.5120;27.5171;27.6052;27.5054;27.5069;27.5864;27.5073;27.5185;27.5645;27.5054;27.5546;27.5245;27.5119;27.5573;27.5163;27.5096;27.5727;27.5063;27.5118;27.5697;27.5082;27.5678;27.5621;27.5084;27.6237;27.5068;27.5084;27.5769;27.5076;27.5080;27.5937;27.5095;27.5128;27.5659;27.4512
27.4769;27.4416;27.3849;27.3837;27.3176;27.3139;27.3822;27.3051;27.3026;27.3813;27.3008;27.3169;27.3787;27.3158;27.3134;27.3616;27.2354;27.1687;27.1827;27.1169;27.1794;27.1131;27.1125;27.1913;27.1141;27.1116;27.2134;27.1181;27.1168;27.1753;27.1135;27.1584;27.1609;27.1150;27.1721;27.1212;27.1053;27.1850;27.1112;27.1066;27.2010;27.1220;27.2374;27.3175;27.2970;27.2997;27.3584;27.3201;27.4673;27.5601;27.5091;27.5595;27.5133;27.5091;27.5977;27.5712;27.7062;27.7836;27.7197;27.7646;27.7469;27.6966;27.7700;27.7064;27.5827;27.5694;27.5064;27.5629;27.5142;27.5665;27.5923;27.5056;27.5191;27.5690;27.5154;27.6096;27.5049;27.5084;27.5684;27.5089;27.5551;27.5176;27.5163;27.5884;27.5097;27.5130;27.5602;27.5069;27.5622;27.5154;27.5051;27.5687;27.3779;27.2980;27.3734;27.2965
27.2193;27.3180;27.1167;27.1650;27.1296;27.1101;27.1791;27.1105;27.1102;27.1959;26.9943;26.9846;27.0202;26.9106;26.9122;26.9763;26.9056;26.9072;27.0215;26.9174;26.9103;26.9090;26.8908;26.8058;26.8850;26.8470;26.7261;26.8770;26.8549;26.7861;26.8720;26.7809;26.7837;26.9763;26.7220;26.8478;26.9143;26.9118;26.9130;26.9912;26.9063;26.9055;26.9742;26.9076;26.9136;27.0360;27.0860;27.1175;27.1981;27.1155;27.1139;27.1760;27.1138;27.1251;27.1679;27.1408;27.3521;27.3314;27.3180;27.3527;27.3157;27.3048;27.4143;27.3109;27.3009;27.3658;27.3078;27.3561;27.3185;27.2929;27.3699;27.2980;27.3060;27.3904;27.3191;27.3507;27.3369;27.2958;27.3706;27.2993;27.3147;27.3855;27.2922;27.3236;27.3512;27.3060;27.3572;27.3401;27.3250;27.3497;27.3187;27.3105;27.2969;27.1853;27.1161;27.2145
24.3671;24.3176;24.3057;24.1811;24.2789;24.1223;24.2296;24.1261;24.1479;24.1180;24.1770;24.1291;24.1442;24.1763;24.1181;24.1578;24.1699;24.1702;24.0597;24.0770;24.0321;24.0297;24.0425;24.0270;23.9719;24.0284;23.9135;23.9672;24.0207;24.1271;23.9685;24.0566;24.1758;24.1085;24.1363;24.1797;24.1194;24.1229;24.1653;24.1722;24.1290;24.1325;24.1185;24.1719;24.1616;24.1783;24.1711;24.1200;24.1344;24.1527;24.1769;24.1355;24.1658;24.1134;24.1804;24.1289;24.1717;24.1806;24.1146;24.1201;24.1772;24.1507;24.1274;24.1571;24.1179;24.1755;24.1336;24.1766;24.1445;24.1390;24.1196;24.1800;24.1351;24.1495;24.1693;24.1136;24.1715;24.1362;24.1678;24.1248;24.1569;24.1134;24.1691;24.0545;24.1745;24.1795;24.1152;24.1295;24.1286;24.1676;24.1483;23.9773;23.9053;23.9525;23.9595;23.9341
23.9204;23.9119;23.9567;23.9618;23.9615;23.9068;23.9227;23.9109;23.8999;23.8421;23.7789;23.7843;23.7354;23.7495;23.7739;23.7272;23.7808;23.7642;23.7639;23.6513;23.5933;23.5943;23.5962;23.5612;23.5096;23.5661;23.5650;23.5521;23.5172;23.5240;23.6158;23.5774;23.5889;23.5215;23.5507;23.6444;23.6740;23.7112;23.6534;23.6983;23.7231;23.7648;23.7302;23.7374;23.7906;23.7739;23.7749;23.7234;23.7338;23.7285;23.7806;23.7838;23.9081;23.8993;23.9555;23.9631;23.9477;23.9083;23.9128;23.9381;23.9879;23.9680;23.9239;23.9158;23.9710;23.9670;23.9788;24.1063;23.9698;24.1690;24.1728;24.1641;24.1683;24.1224;24.1247;24.1334;24.1712;24.1727;24.1252;24.1209;24.1720;24.1422;24.1224;24.1689;24.1179;24.1703;24.1294;24.1695;24.1448;24.1213;24.1201;24.1723;24.1556;24.1324;24.0906;23.9065
23.9215;23.9130;23.9707;23.9184;23.9412;23.9076;23.9631;23.9640;23.9204;23.9686;23.9192;23.9318;23.9258;23.9594;23.9646;23.7222;23.8534;23.7740;23.7839;23.7486;23.7333;23.7286;23.7812;23.7738;23.7770;23.7261;23.7311;23.7368;23.7766;23.7711;23.7230;23.7910;23.8047;23.8743;23.9750;23.9127;23.9150;23.9159;23.9621;23.9629;23.9108;23.9201;23.9288;23.9756;24.0332;24.1054;24.1192;24.1316;24.1712;24.1193;24.1665;24.1132;24.2921;24.2014;24.3488;24.3351;24.3469;24.3026;24.3471;24.3071;24.3512;24.3515;24.3277;24.3048;24.3538;24.3206;24.3138;24.3576;24.3049;24.3185;24.3485;24.3450;24.3113;24.3566;24.3117;24.3655;24.3371;24.4346;24.5305;24.5410;24.5021;24.5537;24.5261;24.5596;24.5104;24.5684;24.5057;24.5061;24.5577;24.5200;24.5174;24.5561;24.5243;24.5121;24.5189;24.4568
24.3723;24.3573;24.3205;24.2995;24.3498;24.3021;24.3109;24.3562;24.3127;24.3249;24.3575;24.2989;24.3029;24.2162;24.1094;24.1686;24.1239;24.1407;24.1775;24.1131;24.1359;24.1462;24.1722;24.1310;24.1336;24.1248;24.1660;24.1487;24.1290;24.1391;24.1109;24.1834;24.1277;24.1575;24.1759;24.1175;24.1226;24.1277;24.1617;24.1637;24.1218;24.1939;24.2818;24.3539;24.1943;24.1339;24.1849;24.2318;24.1827;24.1341;24.1718;24.1146;24.1772;24.1259;24.1689;24.1716;24.1158;24.1192;24.1706;24.1688;24.1336;24.1536;24.1167;24.1687;24.1258;24.1689;24.1654;24.1161;24.1169;24.1468;24.1661;24.1223;24.1956;24.1194;24.1662;24.2614;24.2989;24.3462;24.2963;24.3442;24.3248;24.3519;24.3088;24.3374;24.3078;24.3623;24.3152;24.3507;24.3682;24.2976;24.3030;24.3348;24.3516;24.2553;24.3293;24.1294
24.2421;24.1322;24.1280;24.1655;24.1094;24.1658;24.1693;24.1657;24.1721;24.1175;24.1184;24.0536;24.0981;23.9751;23.9270;23.9285;23.9643;23.9618;23.9224;23.9074;23.9095;23.9564;23.9598;23.9675;23.9214;23.9083;23.9599;23.9703;23.9531;23.9108;23.9258;23.9467;23.9563;23.9571;23.9105;23.9156;23.9580;23.9722;24.0313;23.9061;23.9242;23.9194;23.9693;23.9736;23.9140;23.9975;24.0981;24.1545;24.1601;24.1172;24.1199;24.1550;24.1646;24.1699;24.1235;24.1199;24.1785;24.1680;24.1214;24.1875;24.2924;24.3474;24.2487;24.3411;24.3555;24.2931;24.3009;24.3159;24.3573;24.3052;24.3517;24.2942;24.3054;24.3241;24.3509;24.3266;24.3500;24.2947;24.3593;24.3134;24.3441;24.3607;24.2994;24.3142;24.4410;24.3208;24.4104;24.3558;24.3459;24.2948;24.3225;24.3106;24.3443;24.2993;24.2917;24.2345
24.1774;24.1234;24.1745;24.1719;24.1202;24.1251;24.1653;24.1741;24.1218;24.1585;24.1098;24.1752;24.0547;24.0119;24.0429;23.9009;23.9343;23.9199;23.9665;23.9499;23.9153;23.9113;23.9627;23.9682;23.9185;23.9390;23.8997;23.9644;23.9182;23.9714;23.9645;23.9032;23.9698;23.9312;24.0960;24.0735;24.0589;24.0432;24.1599;24.1789;24.1285;24.1291;24.1134;24.1665;24.1276;24.1554;24.1684;24.1088;24.1241;24.1333;24.1646;24.2874;24.4035;24.3008;24.3590;24.3099;24.3309;24.3559;24.3156;24.3060;24.3520;24.3161;24.3584;24.4191;24.3423;24.3075;24.3542;24.3046;24.3466;24.3352;24.3478;24.2966;24.3250;24.3267;24.3477;24.3608;24.3515;24.2931;24.3162;24.4452;24.5255;24.5568;24.5114;24.5601;24.5108;24.5217;24.5654;24.5240;24.5574;24.5344;24.5701;24.3711;24.3575;24.3536;24.3105;24.3540
24.3082;24.3345;24.2978;24.3595;24.2562;24.3008;24.2173;24.1177;24.1270;24.1522;24.1601;24.1318;24.1731;24.1159;24.1373;24.1213;24.1449;24.0319;23.9686;23.9085;23.9688;23.9385;23.9227;23.9573;23.9032;23.9606;23.9520;23.9590;23.9211;23.9752;23.9684;23.9531;23.9274;24.0171;23.9646;23.9756;23.9693;24.0894;24.1700;24.1428;24.1620;24.1121;24.1361;24.1182;24.1690;24.1543;24.1222;24.1221;24.1704;24.1279;24.1421;24.1713;24.1839;24.2341;24.3541;24.3304;24.3080;24.3529;24.2987;24.3281;24.3437;24.3552;24.3202;24.3706;24.3217;24.3830;24.3286;24.4436;24.4605;24.4858;24.5120;24.5044;24.5505;24.5597;24.5121;24.5557;24.5173;24.5091;24.5591;24.5434;24.5070;24.5649;24.5265;24.7046;24.7719;24.7239;24.7606;24.7115;24.7577;24.6317;24.5295;24.5618;24.5265;24.5548;24.5131;24.5230
24.5034;24.5338;24.5578;24.5565;24.4041;24.4961;24.3327;24.3728;24.3563;24.3130;24.3540;24.3579;24.3122;24.2964;24.3499;24.3021;24.3472;24.3476;24.3132;24.3084;24.3547;24.3130;24.2993;24.3463;24.3004;24.3161;24.3244;24.3638;24.3256;24.3618;24.2950;24.3477;24.3492;24.3569;24.3133;24.3877;24.3204;24.5346;24.5723;24.5551;24.5178;24.5619;24.5199;24.5122;24.5662;24.5364;24.7503;24.7141;24.7602;24.7100;24.7273;24.7714;24.7182;24.8325;24.7849;24.8320;24.9114;24.9334;24.9753;24.9261;24.9702;24.9481;24.9779;24.9318;24.9822;24.9996;25.0364;25.0531;25.1641;25.1272;25.1519;25.1223;25.1072;25.1285;25.1581;25.1123;25.1609;25.1181;25.1597;25.1177;25.1083;25.1211;25.2210;25.3028;25.3668;25.3580;25.3145;25.3707;25.3428;25.3130;25.3287;25.3672;25.3144;25.2217;25.1731;25.1776
25.1575;25.1244;25.1028;25.1523;25.1563;25.1074;25.1592;25.1292;25.1647;25.1079;25.1016;24.9635;25.0976;24.9915;25.0198;24.9236;24.9601;24.9142;24.9368;24.9835;24.9346;24.9798;24.9326;24.9758;24.9412;24.9244;24.9470;24.9254;24.9821;24.9616;24.9525;24.9768;25.0151;25.1021;25.1586;25.1137;25.1614;25.1237;25.1057;25.1634;25.1085;25.1662;25.3399;25.2509;25.3624;25.3384;25.3205;25.3658;25.3503;25.3167;25.3826;25.5535;25.5448;25.5084;25.5530;25.5545;25.5055;25.5549;25.5549;25.5019;25.5013;25.6249;25.6846;25.5210;25.7214;25.7592;25.7215;25.7138;25.7525;25.7582;25.7198;25.7108;25.7132;25.7542;25.7573;25.7099;25.7214;25.7719;25.7616;25.7795;25.7128;25.7896;25.7527;25.8388;25.7628;25.9030;25.9552;25.8326;25.7198;25.7154;25.7675;25.7522;25.7110;25.7585;25.7592;25.7101
25.7081;25.7046;25.7519;25.6410;25.7307;25.5876;25.5633;25.5213;25.5042;25.5587;25.5558;25.4907;25.4996;25.5455;25.5545;25.5222;25.5015;25.5493;25.3207;25.3590;25.3761;25.3183;25.3047;25.3702;25.3700;25.3285;25.3697;25.3605;25.3223;25.3686;25.4278;25.3773;25.4316;25.5344;25.5493;25.5129;25.5149;25.5579;25.5457;25.5070;25.5046;25.5624;25.6006;25.6456;25.7069;25.7534;25.7598;25.7112;25.7234;25.7680;25.7476;25.7785;25.8352;25.8141;25.8815;25.9056;25.9049;25.9105;25.9450;25.9699;25.9468;25.9222;25.9280;25.9322;26.1439;26.0900;26.1002;26.0991;26.1318;26.1467;26.1293;26.0899;26.0974;26.1275;26.1453;26.1423;26.1251;26.1008;26.1419;26.1564;26.2164;26.1878;26.2406;26.3098;26.3073;26.3537;26.3553;26.3314;26.3106;26.3129;26.2996;26.3073;26.3315;26.3597;26.3597;26.3198
26.2401;26.2919;26.2839;26.1298;26.1495;26.1488;26.1212;26.1063;26.0953;26.0968;26.1049;26.1489;26.1561;26.0991;25.9856;25.9633;25.9819;25.9714;25.9668;25.9543;25.9177;25.9077;25.9383;25.9618;25.9555;25.9073;25.9082;25.9699;25.9521;25.9364;25.9168;25.9084;25.9210;25.9593;25.9583;25.9474;25.9303;26.0961;26.1460;26.1525;26.1554;26.1325;26.0974;26.1248;26.1416;26.2792;26.2743;26.3052;26.2992;26.3074;26.3145;26.3514;26.3486;26.4070;26.4728;26.3744;26.4939;26.4925;26.5375;26.5448;26.5330;26.5361;26.5272;26.5223;26.4985;26.4917;26.4897;26.5674;26.5518;26.6776;26.7294;26.7499;26.7568;26.7187;26.7310;26.6993;26.7063;26.6988;26.7059;26.7013;26.7052;26.7029;26.7005;26.7296;26.7030;26.7468;26.7233;26.7456;26.7385;26.7493;26.7525;26.7521;26.7496;26.7589;26.7512;26.7516
26.7445;26.7506;26.7619;26.7412;26.7508;26.6223;26.5783;26.6208;26.5781;26.5182;26.4961;26.4908;26.5362;26.5541;26.5412;26.5336;26.5436;26.5449;26.5326;26.5376;26.5235;26.5410;26.5039;26.5240;26.4955;26.5007;26.4902;26.4940;26.4918;26.5366;26.5391;26.5392;26.5564;26.6281;26.7467;26.6782;26.7439;26.7319;26.7463;26.7496;26.7469;26.7530;26.7563;26.7454;26.7512;26.7457;26.8077;26.8056;26.8725;26.9274;26.9501;26.9395;26.9539;26.9376;26.9330;26.9505;26.9150;26.9405;26.9706;26.9131;26.9633;27.0926;27.0902;27.1286;27.0908;27.0940;27.0883;27.0938;27.0866;27.0917;27.0970;27.1396;27.0939;27.1353;27.1384;27.1325;27.1405;27.1330;27.1393;27.1473;27.1430;27.1407;27.1341;27.1475;27.2313;27.2847;27.2690;27.1522;27.2711;27.1157;27.1271;27.1376;27.1451;27.1428;27.1358;27.1133
27.1485;27.1428;27.1379;27.1417;27.1443;27.0776;27.1372;27.0114;27.0138;26.9264;26.9283;26.9451;26.9292;26.9225;26.9497;26.9065;26.9216;26.9150;26.8866;26.7837;26.8095;26.8340;26.7146;26.7057;26.7170;26.7140;26.7913;26.7593;26.7242;26.8221;26.7605;26.8839;26.8231;26.8843;26.8862;26.8915;26.8823;26.8979;26.8995;26.8796;26.8786;26.8938;26.9060;26.9117;26.8845;26.8847;26.8906;26.8985;26.9767;27.0364;27.0746;27.3114;27.3359;27.5361;27.5354;27.5244;27.6932;27.6921;27.7005;27.7269;27.7366;27.8642;27.8217;27.8738;27.9044;27.9238;27.9370;27.8695;27.8834;27.8966;27.9299;27.9424;27.8867;27.9234;27.9184;27.9179;27.8707;27.8755;27.9306;27.9413;27.9344;27.9369;27.8942;27.9925;28.0688;28.1251;28.0878;28.1057;27.9515;27.9209;27.9553;27.8812;27.9029;27.9184;27.9342;27.8829
27.8923;27.8790;27.9167;27.9250;27.9085;27.8746;27.9078;27.9171;27.9020;27.8349;27.8186;27.8412;27.7526;27.8732;27.8067;27.6931;27.6925;27.6829;27.7147;27.7312;27.7412;27.7508;27.6996;27.6950;27.7466;27.7395;27.7265;27.7021;27.6890;27.6918;27.6985;27.8101;27.8131;27.7082;27.8275;27.8130;27.7821;27.9067;27.8770;27.9175;27.8890;27.9031;27.9197;27.9283;27.8848;27.8674;27.8830;27.9305;27.9179;27.8754;27.8703;27.8688;27.9267;27.9279;27.8953;27.9037;27.9312;27.9429;27.8936;27.8710;27.8793;27.9152;27.9272;27.9499;28.0048;27.9723;28.0048;27.9344;27.9059;27.9292;27.9282;27.8798;27.8694;27.9186;27.9227;27.8736;27.8810;27.8768;27.8758;27.9251;27.9131;27.8141;27.8478;27.9271;27.9072;27.8878;27.7561;27.7016;27.7375;27.7335;27.6913;27.6821;27.7348;27.7412;27.7484;27.5098
27.5583;27.5245;27.5308;27.5274;27.4819;27.4830;27.4827;27.5239;27.5340;27.4124;27.3201;27.2857;27.2908;27.2868;27.3203;27.3476;27.2689;27.2538;27.1953;27.1295;27.0896;27.1492;27.0945;27.0900;27.0997;27.1129;27.1355;27.1437;27.1255;27.1534;27.2746;27.2854;27.2833;27.2994;27.2791;27.3404;27.3278;27.3501;27.3523;27.3003;27.3050;27.2870;27.3081;27.2784;27.3399;27.3368;27.3551;27.3926;27.3634;27.3035;27.4976;27.5196;27.5288;27.5267;27.4780;27.4847;27.4768;27.5402;27.5337;27.5343;27.5400;27.4769;27.4856;27.5055;27.5311;27.5302;27.4976;27.5074;27.5358;27.6453;27.6764;27.6526;27.4837;27.6224;27.5952;27.5472;27.6594;27.5691;27.4867;27.4869;27.5021;27.5282;27.5372;27.5481;27.4929;27.4882;27.4985;27.5090;27.5412;27.5390;27.4974;27.4910;27.4756;27.4788;27.4557;27.4347
27.5348;27.4398;27.3678;27.2945;27.3869;27.3360;27.3503;27.3563;27.3032;27.2915;27.3209;27.3403;27.3485;27.3505;27.2959;27.2788;27.2814;27.2445;27.2340;27.2056;27.1451;27.1402;27.1335;27.0952;27.0989;27.0910;27.0960;27.0944;27.1460;27.1384;27.1427;27.1399;27.1394;27.0892;27.1007;27.0984;27.1360;27.3090;27.3218;27.3306;27.3158;27.3038;27.2917;27.2924;27.3032;27.3394;27.3526;27.3381;27.3096;27.3038;27.2995;27.2978;27.3422;27.5270;27.5228;27.4768;27.4916;27.5182;27.5325;27.5299;27.4802;27.4799;27.4988;27.5302;27.5298;27.4862;27.4800;27.4839;27.5325;27.5361;27.4869;27.4863;27.5247;27.5232;27.4842;27.4815;27.4747;27.5289;27.5355;27.4865;27.4794;27.4804;27.5283;27.5363;27.5101;27.4839;27.5197;27.5280;27.5337;27.4838;27.4874;27.4290;27.4063;27.3416;27.3481;27.2855
27.3000;27.2980;27.3348;27.2724;27.2769;27.3197;27.1064;27.0919;27.0899;27.0909;27.1013;27.1192;27.1402;27.1431;27.0162;27.0775;27.0363;26.9446;26.9159;26.9131;26.9011;26.8867;26.9004;26.8859;26.8778;26.9312;26.9030;26.9290;26.9237;26.9417;26.9595;26.9485;26.9425;26.9357;26.9551;26.8967;27.0044;26.9761;26.9746;27.0283;27.0942;27.0909;27.0895;27.0913;27.1052;27.0832;27.1179;27.1046;27.1426;27.1430;27.1427;27.1427;27.3108;27.2821;27.2152;27.2262;27.2943;27.2872;27.3569;27.3462;27.3453;27.3449;27.2996;27.3032;27.2797;27.3001;27.3128;27.3471;27.3480;27.3351;27.3017;27.2968;27.2924;27.2976;27.3475;27.3502;27.3360;27.3192;27.3031;27.2949;27.3146;27.3251;27.3423;27.3451;27.3320;27.3409;27.2928;27.2954;27.2938;27.2849;27.2995;27.3186;27.2150;27.2640;27.2610;27.1896
25.9540;25.9287;25.8336;25.8167;25.7264;25.7201;25.7549;25.7118;25.7430;25.7080;25.7125;25.7539;25.6826;25.5631;25.5252;25.5156;25.5422;25.5219;25.4999;25.5525;25.5073;25.5076;25.5109;25.3169;25.3517;25.3437;25.3171;25.3694;25.3809;25.3150;25.3652;25.3233;25.4412;25.5680;25.5007;25.5088;25.5455;25.4971;25.5603;25.5075;25.5019;25.5139;25.5137;25.5078;25.5688;25.5035;25.5218;25.5639;25.5100;25.5391;25.5475;25.5251;25.5534;25.5148;25.5192;25.5539;25.5095;25.5118;25.5399;25.5073;25.5570;25.5256;25.5011;25.5685;25.5053;25.4999;25.5698;25.5001;25.5116;25.5511;25.5102;25.5402;25.5226;25.5009;25.5536;25.5052;25.5090;25.5715;25.4993;25.5073;25.5505;25.3358;25.3855;25.3492;25.4450;25.4788;25.4000;25.3158;25.3746;25.3183;25.3160;25.3663;25.3147;25.3120;25.3820;25.3165
25.2543;25.3613;25.1920;25.1265;25.1488;25.1089;25.1102;25.1497;25.1095;25.1111;25.1627;24.9855;24.9887;24.9514;24.9277;24.9261;24.9931;24.9234;24.9248;24.8611;24.7184;24.7140;24.7529;24.7476;24.7132;24.7186;24.7748;24.7127;24.6549;24.7291;24.6027;24.5614;24.6801;24.7572;24.7142;24.7156;24.7945;24.7175;24.7200;24.7791;24.7236;24.7166;24.7281;24.7600;24.7165;24.7227;24.7878;24.7167;24.9059;24.9105;24.9269;24.9253;24.9660;24.9338;24.9250;25.0263;24.9358;25.1007;25.1410;25.1479;25.1108;25.1124;25.1472;25.3148;25.3342;25.3635;25.3152;25.4759;25.5163;25.4994;25.5433;25.5218;25.5161;25.5566;25.5189;25.5250;25.7152;25.7070;25.6713;25.6832;25.7012;25.7636;25.7130;25.7090;25.7495;25.7104;25.7149;25.7533;25.7072;25.7498;25.7183;25.7093;25.7541;25.7093;25.7092;25.7524
25.7086;25.7518;25.7056;25.5846;25.6327;25.5837;25.5144;25.5644;25.5010;25.5472;25.5264;25.4972;25.5583;25.5088;25.5093;25.5526;25.4985;25.3798;25.3561;25.3160;25.3308;25.3375;25.3161;25.3576;25.3201;25.3130;25.3552;25.3186;25.3164;25.3628;25.3070;25.3195;25.4544;25.4460;25.3991;25.4725;25.5005;25.5617;25.5158;25.5064;25.5509;25.4989;25.5777;25.5594;25.5848;25.7364;25.7051;25.7096;25.7540;25.7095;25.7811;25.9573;25.9181;25.9548;25.9218;25.9130;26.0183;26.0945;26.1342;26.1268;26.1020;26.1462;26.1018;26.1386;26.1011;26.0995;26.1516;26.0992;26.1364;26.1389;26.0982;26.2869;26.3072;26.3483;26.3155;26.3083;26.3745;26.3108;26.3474;26.3707;26.3104;26.4734;26.4953;26.5359;26.4966;26.4952;26.5354;26.5006;26.5351;26.4952;26.5295;26.5367;26.4330;26.4756;26.4915;26.3542
26.3652;26.3083;26.3488;26.3064;26.3492;26.3096;26.3298;26.3462;26.3101;26.3598;26.2409;26.1600;26.1120;26.1100;26.1396;26.0983;26.1361;26.1390;26.1040;26.1514;26.0732;25.9840;25.9669;25.9107;25.9567;25.9260;25.9164;25.9731;25.9143;25.9111;25.9408;25.8944;25.9437;25.9213;25.9124;25.9576;25.9093;25.9381;25.9569;25.9150;25.9428;25.9206;25.9192;25.9787;25.9075;25.9589;25.9263;25.9200;25.9625;25.9180;25.9202;25.9600;25.9199;25.9731;25.9219;25.9171;25.9889;25.9165;25.9160;25.9588;25.9177;25.9961;25.9208;25.9178;25.9492;25.9180;25.9379;25.9474;25.9207;25.9635;25.9175;25.9196;25.9598;25.9175;25.9416;25.9284;25.9023;25.9643;25.9183;25.9404;25.9603;25.9214;25.9580;25.9235;26.0416;25.9588;25.9686;25.9593;25.9242;25.9206;25.9642;25.9090;25.9646;25.8955;25.9023;25.9645
25.8417;25.8829;25.7202;25.7097;25.7717;25.7117;25.7084;25.7654;25.7067;25.6495;25.6837;25.5045;25.5360;25.5385;25.4988;25.5657;25.5056;25.4958;25.5407;25.3780;25.3138;25.3655;25.3131;25.3165;25.3945;25.3134;25.3136;25.3860;25.3156;25.3175;25.3750;25.2170;25.2908;25.3487;25.3166;25.3158;25.3651;25.3162;25.3867;25.4162;25.3681;25.4701;25.5388;25.5045;25.5342;25.5477;25.4989;25.5609;25.5055;25.4991;25.5506;25.6406;25.7080;25.7572;25.7098;25.7123;25.7518;25.7093;25.9418;25.9423;25.9210;25.9727;25.9206;25.9162;26.0543;25.9702;26.0673;26.1305;26.0396;26.1609;26.1001;26.1002;26.1572;26.1042;26.1366;26.1044;26.1020;26.1488;26.0984;26.1105;26.1374;26.1008;26.1680;26.1013;26.2532;26.3391;26.1131;26.1676;26.1025;26.1019;26.1404;26.1011;26.1234;26.0266;26.0395;25.9615
25.9201;25.9801;25.9168;25.8999;25.9767;25.9118;25.8665;25.7796;25.7101;25.7548;25.7080;25.7127;25.7512;25.7100;25.6855;25.5306;25.5056;25.5607;25.5113;25.5127;25.5622;25.4987;25.4571;25.4976;25.3762;25.3836;25.4211;25.3126;25.4142;25.3576;25.3780;25.3525;25.5472;25.5073;25.5532;25.5030;25.5073;25.5673;25.5004;25.5050;25.5622;25.5861;25.7501;25.7115;25.7120;25.7568;25.7075;25.7093;25.7510;25.7111;25.7528;25.7150;25.7099;25.7643;25.7093;25.7312;25.7338;25.7078;25.8759;25.8399;25.8928;25.8755;25.7792;25.9430;25.8473;25.8952;25.8802;25.8305;25.7811;25.8813;25.8319;25.9727;25.9239;25.9125;25.9881;25.9193;25.9442;25.9530;25.9182;25.9728;25.9186;25.9703;26.1495;26.1015;26.1409;26.1046;26.1025;26.1600;26.1000;26.1378;25.9812;25.9176;25.9838;25.9123;25.9482;25.9261
25.9197;25.9675;25.9192;25.8401;25.7625;25.7087;25.7444;25.7178;25.7106;25.7500;25.6974;25.7080;25.5762;25.4981;25.5416;25.5189;25.4975;25.5575;25.4418;25.3776;25.3703;25.3217;25.3145;25.3611;25.3147;25.3071;25.3868;25.3163;25.3004;25.3577;25.3137;25.3405;25.4754;25.5111;25.5510;25.5134;25.5076;25.7580;25.7090;25.7141;25.7480;25.7096;25.8879;25.9257;25.9163;25.9640;25.9025;25.9478;25.9294;25.9195;26.0679;25.9890;26.1374;26.1280;26.1031;26.1457;26.0991;26.1044;26.1448;26.1042;26.1430;26.1625;26.1851;26.3385;26.3118;26.3521;26.3088;26.3517;26.3133;26.3090;26.3677;26.4256;26.5210;26.4988;26.4935;26.5338;26.4966;26.5295;26.4915;26.5311;26.5109;26.4926;26.5498;26.5029;26.6658;26.7025;26.6661;26.5428;26.5623;26.5410;26.5193;26.5592;26.5087;26.5218;26.5334;26.4944
26.5501;26.4911;26.5345;26.4962;26.5278;26.5279;26.4914;26.5289;26.4939;26.5470;26.4901;26.5010;26.5327;26.4924;26.4312;26.3692;26.3511;26.3203;26.3089;26.3481;26.3108;26.3754;26.3105;26.3121;26.3591;26.3088;26.3516;26.3091;26.3205;26.3520;26.3107;26.3559;26.3612;26.4650;26.3242;26.3106;26.3839;26.3069;26.3519;26.3144;26.3160;26.3491;26.4322;26.5336;26.4922;26.5331;26.5141;26.5778;26.7436;26.7037;26.7507;26.7055;26.7994;26.8302;26.9175;26.9212;26.8919;26.9127;26.8958;26.9516;27.0376;27.0796;27.1015;27.1186;27.0996;27.0930;27.1450;27.0940;27.3198;27.2973;27.3455;27.3036;27.3515;27.3038;27.3931;27.3676;27.4726;27.4940;27.5263;27.4951;27.5229;27.4943;27.5039;27.5135;27.6935;27.7328;27.7042;27.7408;27.7021;27.7359;27.7076;27.7351;27.7058;27.7314;27.7129;27.7287
27.7157;27.7294;27.6401;27.7244;27.7183;27.7228;27.5931;27.5041;27.4994;27.4938;27.4964;27.5280;27.4958;27.5268;27.4995;27.5229;27.4274;27.4155;27.3065;27.3544;27.3078;27.3424;27.3032;27.3462;27.2953;27.3472;27.3048;27.3454;27.4272;27.4262;27.3133;27.5424;27.5582;27.6742;27.6788;27.7285;27.6968;27.7343;27.8184;27.9083;27.8792;27.9215;27.8904;27.9257;27.8887;27.9333;28.0294;28.0559;28.0885;28.1258;28.0886;28.1288;28.1064;28.1212;28.1248;28.0995;28.2188;28.2204;28.3101;28.2965;28.3225;28.3001;28.3376;28.2996;28.3166;28.2830;28.3368;28.3179;28.3076;28.3330;28.2915;28.3306;28.2894;28.4005;28.4904;28.5357;28.4940;28.5483;28.5233;28.4965;28.5266;28.4993;28.5328;28.4813;28.5355;28.5368;28.5042;28.5505;28.4904;28.5260;28.4839;28.5149;28.5165;28.4982;28.5050;28.4809
28.5207;28.4807;28.5220;28.4357;28.2931;28.3169;28.2824;28.3214;28.2704;28.3115;28.3001;28.3180;28.2814;28.1411;28.1347;28.0949;28.1050;28.0865;28.1112;28.0891;28.0619;27.8969;27.9317;27.8826;27.9222;27.8899;27.9348;27.8819;28.0088;27.8926;27.9931;28.0636;28.1636;28.2641;28.2818;28.3312;28.2897;28.3048;28.3607;28.5301;28.5263;28.4891;28.5283;28.4923;28.5485;28.6207;28.7189;28.6952;28.7285;28.7253;28.6916;28.7367;28.6895;28.7227;28.6966;28.7141;28.7273;28.6929;28.7433;28.7564;28.8667;28.9435;28.8985;28.9275;28.9005;28.9422;28.9390;28.8980;28.9145;28.9008;28.9307;28.9382;28.9047;28.9239;28.9525;29.0003;29.1168;29.0956;29.1104;29.0864;29.1250;29.1223;29.0884;29.1307;29.2122;29.3287;29.1518;29.0874;29.1169;29.0910;29.0933;29.0976;29.0856;29.1210;29.1348;29.0894
29.1252;29.0856;29.0914;29.1091;29.0821;29.1018;29.1244;29.0930;29.1268;29.0231;29.1105;29.0020;28.8955;28.9329;28.9117;28.9105;28.9132;28.9036;28.9476;28.8952;28.8518;28.7691;28.6900;28.7044;28.6967;28.7248;28.7175;28.6898;28.7304;28.6987;28.7355;28.7299;28.7029;28.7327;28.6934;28.7310;28.7290;28.6993;28.7010;28.6917;28.7143;28.6934;28.7104;28.8519;28.8876;28.9015;28.9036;28.9387;28.9274;28.9013;28.9368;28.9026;28.9081;28.9423;28.9042;28.9314;28.9787;29.0308;29.0970;29.0868;29.1033;29.1331;29.0902;29.1281;29.0833;29.1227;29.1268;29.0848;29.1806;29.1608;29.2385;29.3308;29.2967;29.3415;29.3287;29.2965;29.3340;29.2975;29.3308;29.3362;29.2957;29.3949;29.3902;29.2967;29.5286;29.5192;29.4888;29.5034;29.5253;29.4871;29.5252;29.4962;29.5102;29.5226;29.4905;29.4673
29.4926;29.4248;29.4643;29.4137;29.2969;29.3116;29.3062;29.3037;29.3309;29.2965;29.3333;29.3306;29.2943;29.3345;29.3313;29.2981;29.3382;29.2943;29.3291;29.3327;29.2241;29.2346;29.1173;29.0942;29.1186;29.0874;29.1322;29.1952;29.2966;29.2482;29.3078;29.2991;29.3873;29.4426;29.5150;29.5004;29.4853;29.5280;29.5184;29.5279;29.6506;29.7241;29.6915;29.7003;29.7250;29.6935;29.7220;29.6947;29.8150;29.8541;29.9059;29.8961;29.9342;29.9291;29.8980;29.9305;29.9329;29.9070;29.9288;29.9841;29.9616;29.9289;30.0443;29.9600;29.9999;30.0914;30.0838;30.0487;30.1217;30.0870;30.1351;30.1169;30.0760;30.0873;30.1162;30.0808;30.1067;30.1274;30.0797;30.1016;30.1264;30.0786;30.1048;30.1221;30.1582;30.3291;30.1630;30.1564;30.1486;30.1012;30.0881;30.1170;30.1191;30.0818;30.0839;30.1253
30.0982;30.0969;30.1210;30.1268;30.0803;30.0869;30.1179;29.8969;29.9022;29.9377;29.8951;29.9142;29.9196;29.8858;29.9142;29.7949;29.6775;29.7136;29.7252;29.6850;29.7179;29.7230;29.5554;29.5274;29.5334;29.4867;29.5329;29.4929;29.6369;29.6120;29.6274;29.7201;29.7716;29.8143;29.7949;29.9072;29.8955;29.9329;29.9245;30.0215;30.1279;30.1190;30.0891;30.1269;30.1923;30.2204;30.2963;30.3221;30.3227;30.2891;30.3274;30.3306;30.2884;30.3268;30.2944;30.2848;30.3202;30.4581;30.5062;30.5080;30.5249;30.5315;30.4962;30.5266;30.5061;30.4981;30.5266;30.5340;30.5421;30.5071;30.5177;30.5383;30.4995;30.5871;30.5299;30.5820;30.5547;30.6296;30.6227;30.6854;30.6388;30.7129;30.6757;30.6219;30.7224;30.7147;30.6877;30.6857;30.6909;30.7129;30.6689;30.5938;30.5998;30.5958;30.4987;30.5193
30.5016;30.5032;30.5070;30.5258;30.5248;30.4936;30.5327;30.5288;30.5150;30.4235;30.4067;30.3221;30.2855;30.3242;30.2929;30.2879;30.3250;30.3259;30.3108;30.2217;30.2622;30.2016;30.0914;30.0890;30.1255;30.0765;30.1237;30.1130;30.0772;30.1103;30.0943;30.0920;30.1845;30.1300;30.0863;30.0899;30.1290;30.1258;30.0857;30.1077;30.0897;30.0987;30.1103;30.1253;30.0969;30.1112;30.1214;30.0836;30.0833;30.1379;30.1247;30.0837;30.1283;30.1141;30.0878;30.0972;30.1228;30.0752;30.1345;30.0973;30.0819;30.1245;30.1291;30.0786;30.0854;30.1182;30.1257;30.0935;30.1007;30.1165;30.0793;30.0961;30.1063;30.0828;30.1158;30.1201;30.0759;30.1210;30.1127;30.0811;30.1160;30.1216;30.0810;30.1233;30.1239;30.0772;30.0845;30.0045;30.0329;29.9073;29.9384;29.9048;29.9028;29.9291;29.9040;29.8150
29.7203;29.6906;29.6924;29.7260;29.6890;29.7192;29.5242;29.4881;29.5238;29.5109;29.4867;29.3925;29.3315;29.2921;29.3180;29.2337;29.3022;29.1264;29.0837;29.1153;29.1256;29.0158;29.0046;28.9024;28.9504;28.9366;28.9012;28.9372;28.9001;28.9292;28.9306;28.9089;28.9373;28.9021;28.9457;28.9429;28.9017;28.9301;28.9048;28.9406;28.9394;28.9009;28.9928;28.9042;28.9076;28.9513;28.9015;28.9418;28.9359;28.9664;28.9406;28.8953;29.0012;28.9450;29.0191;29.0000;29.0245;29.0164;29.0925;29.0839;29.1402;29.1052;29.0951;29.1155;29.0864;29.1234;29.1234;29.0912;29.1252;29.0828;29.1205;29.1069;29.0879;29.1011;29.1173;29.0989;29.1258;29.0810;29.1178;29.1271;29.0886;29.1119;29.1264;29.0899;29.1397;29.0845;29.1179;29.1158;29.0885;29.0997;29.1211;29.0910;29.1141;29.0837;29.1281;29.1186
29.0917;29.0531;29.0262;29.0115;28.9436;28.9594;28.9381;28.9037;28.9381;28.9391;28.9007;28.9378;28.9029;28.9367;28.9408;28.9084;28.9429;28.9039;28.8757;28.9241;28.7604;28.8518;28.7198;28.7163;28.7003;28.7057;28.7291;28.6919;28.7391;28.6943;28.7360;28.7058;28.6988;28.7827;28.6911;28.7323;28.6909;28.7328;28.7270;28.6939;28.7184;28.7611;28.8557;28.8915;28.9116;28.9445;28.9010;28.9115;28.8956;28.9355;28.9257;28.8909;28.9361;28.9016;28.9315;28.9434;28.9000;28.9263;28.9871;28.9082;28.9937;28.9519;28.9984;28.9968;28.9758;28.9947;29.0252;29.0573;29.1242;29.0858;29.1273;29.0898;29.0905;29.1182;29.0816;29.1000;29.1126;29.0941;29.1185;29.0875;29.1204;29.1098;29.0881;29.1263;29.2157;29.1210;29.1214;29.0877;29.1276;29.0833;29.1223;29.1228;29.0860;29.1180;28.9015;28.9286
28.9400;28.9020;28.9422;28.9031;28.9444;28.9231;28.8347;28.7333;28.6894;28.7054;28.7064;28.7289;28.7046;28.6930;28.7252;28.5689;28.5292;28.5119;28.4893;28.5312;28.4820;28.5323;28.4801;28.3827;28.3694;28.3408;28.3979;28.2947;28.3160;28.2905;28.3360;28.2903;28.3918;28.3615;28.3078;28.3388;28.2798;28.3332;28.2952;28.2995;28.2988;28.3194;28.3932;28.3068;28.3620;28.2952;28.3902;28.4733;28.4650;28.4852;28.4919;28.5362;28.4802;28.5340;28.5028;28.5342;28.5241;28.4926;28.6175;28.5507;28.6694;28.6319;28.5515;28.7288;28.6939;28.7381;28.6910;28.7271;28.6924;28.7270;28.7306;28.6953;28.7349;28.6947;28.7269;28.6950;28.7114;28.7291;28.6923;28.7938;28.6819;28.7920;28.7247;28.7503;28.9313;28.8903;28.8645;28.7905;28.7555;28.7342;28.7578;28.7312;28.6972;28.6969;28.7001;28.6937
25.3168;25.3148;25.3553;25.3377;25.3162;25.3144;25.2649;25.1395;25.1368;25.1573;25.1352;25.1513;25.1235;25.1323;25.0789;25.0582;24.9312;24.9423;24.9232;24.9518;24.9538;24.9221;24.8594;24.8842;24.8027;24.7376;24.9560;24.9161;24.9532;24.9339;24.9168;24.9687;25.1411;25.1323;25.1447;25.1632;25.1721;25.1552;25.1231;25.1635;25.1664;25.1376;25.1237;25.1625;25.1382;25.1640;25.1397;25.1310;25.1453;25.1296;25.1300;25.1529;25.1591;25.1368;25.2837;25.2535;25.1439;25.1709;25.1350;25.1405;25.1576;25.1396;25.1583;25.1442;25.1261;25.1622;25.1387;25.1295;25.1591;25.1583;25.1359;25.1649;25.1580;25.1271;25.1552;25.1286;25.1298;25.1313;25.0826;25.0676;24.9770;24.9376;24.9240;24.9612;24.9274;24.9260;24.9570;24.9256;24.9579;24.9433;24.9210;24.8815;24.7673;24.7424;24.7160;24.7429
24.7295;24.7211;24.7394;24.6315;24.5399;24.5322;24.5631;24.5574;24.5312;24.4553;24.3679;24.3467;24.3289;24.3273;24.3481;24.2295;24.1998;24.1345;24.1334;24.1555;24.1692;24.1680;24.1583;24.0647;24.0598;23.9283;24.0308;23.9552;23.9547;23.9522;23.9308;23.9308;24.0110;24.1639;24.1624;24.2832;24.3205;24.3185;24.3379;24.2888;24.3502;24.3193;24.3193;24.3193;24.3482;24.3608;24.3229;24.3326;24.4897;24.5485;24.5291;24.5347;24.5483;24.5496;24.5340;24.6612;24.7442;24.7721;24.7252;24.7497;24.7251;24.8022;24.9512;24.9394;24.9335;25.1289;25.1583;25.1491;25.2115;25.3129;25.3125;25.3147;25.3136;25.3437;25.3204;25.3486;25.3143;25.3253;25.3428;25.3269;25.3448;25.3572;25.3390;25.3159;25.3090;25.3561;25.3163;25.3430;25.3240;25.3449;25.3193;25.3339;25.3401;25.3136;25.3305;25.2274
25.2213;25.1663;25.1285;25.1629;25.1640;25.1257;25.1559;25.1490;25.1257;25.0837;24.9434;24.9345;24.9589;24.9242;24.9281;24.9548;24.9342;24.8352;24.7446;24.7174;24.7567;24.7598;24.7329;24.7170;24.7458;24.7252;24.6912;24.7595;24.6655;24.7431;24.7260;24.9222;25.0907;25.1620;25.1607;25.1594;25.1321;25.1616;25.1620;25.1299;25.2828;25.2555;25.3497;25.3178;25.3258;25.3433;25.3092;25.3584;25.4681;25.5562;25.5265;25.6278;25.7262;25.7147;25.7475;25.7721;25.7238;25.8279;25.7992;25.8092;25.7677;25.7361;25.7240;25.7374;25.7270;25.7651;25.8273;25.7885;25.8010;25.7969;25.9213;25.9554;25.9421;25.9211;25.9402;25.9170;25.9243;25.9646;25.9513;25.9397;25.9745;26.0383;26.0891;26.1022;26.1186;26.1554;26.1115;26.1409;26.1309;26.0687;26.1018;25.9986;25.9343;25.9555;25.9358;25.9147
25.9452;25.9119;25.9540;25.8336;25.7340;25.7682;25.7295;25.7208;25.7358;25.7598;25.6635;25.5546;25.5345;25.5221;25.5489;25.5249;25.5273;25.5190;25.4177;25.3270;25.3320;25.3274;25.3504;25.3149;25.2494;25.3475;25.3196;25.3387;25.1326;25.2096;25.1934;25.2035;25.2289;25.2527;25.3375;25.3546;25.3414;25.3434;25.3149;25.3487;25.4286;25.5119;25.5536;25.5320;25.5483;25.5239;25.5518;25.5290;25.5262;25.5536;25.4352;25.4934;25.4424;25.5447;25.3914;25.3909;25.3364;25.3461;25.3187;25.3282;25.3373;25.3083;25.3447;25.3238;25.3439;25.3077;25.3454;25.3148;25.3158;25.3428;25.3482;25.3142;25.3140;25.3487;25.3272;25.4105;25.4693;25.4958;25.5202;25.5563;25.5245;25.5232;25.5489;25.5579;25.4898;25.5500;25.5504;25.5205;25.4894;25.4051;25.3890;25.3186;25.3571;25.3128;25.3204;25.3496
25.1674;25.2088;25.1272;25.1660;25.1323;25.1343;25.0969;25.0201;24.9594;24.9425;24.9195;24.9430;24.9265;24.8451;24.8855;24.7452;24.7641;24.7325;24.7129;24.7444;24.7436;24.7257;24.6687;24.5658;24.5444;24.5307;24.5685;24.5589;24.5323;24.5345;24.5627;24.5555;24.6040;24.9237;25.0214;24.9470;24.9702;25.1527;25.1303;25.1626;25.1495;25.1347;25.1672;25.1596;25.1578;25.1332;25.1277;25.1703;25.1448;25.1294;25.1616;25.1355;25.1628;25.2536;25.3132;25.3407;25.3239;25.4857;25.5238;25.5518;25.5302;25.5342;25.6609;25.7303;25.7592;25.7609;25.7179;25.7360;25.7249;25.5910;25.6449;25.7486;25.7165;25.7599;25.6533;25.5805;25.6224;25.6313;25.5931;25.6728;25.6603;25.5902;25.6679;25.7089;25.5926;25.7411;25.7348;25.6127;25.5455;25.5480;25.5210;25.5553;25.5228;25.4800;25.4070;25.3487
25.3190;25.3466;25.3159;25.2014;25.2267;25.1642;25.1329;25.1333;25.1630;25.0686;25.0387;24.9821;24.9553;25.1555;25.1328;25.1457;25.0275;24.9201;24.8710;24.8230;24.7442;24.7600;24.7173;24.7127;24.7536;24.7318;24.7077;24.7489;24.7405;24.7327;24.7657;24.9304;24.9335;25.1551;25.1311;25.3122;25.3493;25.3466;25.3309;25.3095;25.3581;25.3254;25.3295;25.3428;25.3602;25.3387;25.3091;25.3438;25.3133;25.3316;25.3200;25.3470;25.3233;25.3431;25.3437;25.3071;25.3536;25.3970;25.4157;25.3420;25.4459;25.3427;25.4003;25.4880;25.4261;25.5346;25.3971;25.4107;25.4451;25.3418;25.5309;25.5478;25.5217;25.5401;25.5562;25.5169;25.5607;25.5370;25.5245;25.5211;25.5577;25.5937;25.5549;25.5395;25.6139;25.5262;25.5618;25.5944;25.5287;25.5522;25.5568;25.5291;25.5235;25.3652;25.3139;25.3536
25.3212;25.2900;25.1320;25.1470;25.1688;25.1293;25.1546;24.9388;24.9628;24.9320;24.9256;24.9551;24.8850;24.9126;24.8950;24.7398;24.7377;24.7534;24.7176;24.6604;24.5610;24.5587;24.5279;24.5260;24.5542;24.5370;24.5363;24.5602;24.6032;24.7804;24.9307;25.1634;25.2583;25.5138;25.6100;25.7603;25.7175;25.7350;25.7624;25.7899;25.7640;25.9536;25.9178;25.9485;25.9151;25.9188;25.9345;25.9534;25.9086;25.9485;25.9167;25.9446;25.9536;25.9170;25.9396;25.9209;25.9382;25.9248;25.9400;25.9269;25.9350;26.0500;26.1206;26.1203;26.1140;26.1247;26.1146;26.1332;26.1149;26.1369;26.1886;26.1848;26.3180;26.3210;26.2473;26.2460;26.3540;26.3457;26.3177;26.3535;26.3073;26.3529;26.3517;26.3331;26.3466;26.3308;26.3447;26.3440;26.3190;26.3420;26.3233;26.3309;26.3175;26.2482;26.3154;26.1139
26.1328;26.1114;26.1197;26.1261;26.1197;26.1486;26.0405;25.9746;25.9656;25.9122;25.9399;25.9614;25.9091;25.9598;25.9176;25.9458;25.9542;25.8597;25.8182;25.7333;25.7454;25.7612;25.7574;25.7214;25.7653;25.7231;25.7541;25.7389;25.7519;25.7237;25.7673;25.7224;25.8218;25.8102;25.8523;25.9179;25.9587;25.9103;25.9601;26.0077;26.1159;26.1485;26.1772;26.3034;26.3293;26.3352;26.5100;26.5235;26.5156;26.5354;26.5976;26.6512;26.7302;26.7291;26.7474;26.7328;26.8754;26.9060;26.9444;26.9365;26.9088;26.9105;26.9434;27.1579;27.1120;27.1269;27.1418;27.1525;27.1081;27.1190;27.1220;27.3437;27.2967;27.3187;27.3334;27.3372;27.2961;27.3052;27.3360;27.3667;27.4447;27.5045;27.5450;27.5153;27.4774;27.5051;27.5443;27.5141;27.5433;27.5144;27.5461;27.4479;27.3246;27.3361;27.3025;27.3313
27.2973;27.3446;27.3037;27.3268;27.1779;27.1529;27.1057;27.1184;27.1102;27.1504;27.0935;26.9586;26.9363;26.9493;26.9060;26.9343;26.9105;26.9519;26.8474;26.8165;26.7263;26.7645;26.7240;26.7462;26.7217;26.7561;26.7182;26.9390;27.0397;27.1502;27.1228;27.1498;27.1798;27.4065;27.5092;27.7442;27.6911;27.7551;27.7896;27.8399;27.9416;27.8972;27.9037;27.9387;27.8963;27.9206;27.9337;27.9136;27.9270;27.9006;27.9021;27.9332;27.8948;27.9381;27.9064;27.9589;27.9415;27.9812;28.0285;28.1531;28.0888;28.0805;28.1064;28.1089;28.1083;28.1782;28.1071;28.1050;28.1526;28.1053;28.1133;28.1695;28.1065;28.1077;28.1500;28.0990;28.1116;28.1661;28.1070;28.1130;28.1627;28.1054;28.1157;28.1411;28.1050;28.1112;28.1496;28.1140;28.1126;28.1457;28.1078;28.0423;28.0818;27.9715;27.9294;27.9284
27.8974;27.9169;27.9279;27.8423;27.7384;27.7172;27.7034;27.7411;27.7086;27.7326;27.5275;27.5069;27.5720;27.5077;27.5385;27.5423;27.5073;27.4097;27.3082;27.3379;27.3001;27.3132;27.3337;27.3049;27.3294;27.2996;27.3505;27.2945;27.4709;27.5264;27.6496;27.8141;27.9585;28.2085;28.2933;28.2991;28.4613;28.3799;28.4379;28.5393;28.5185;28.4998;28.5114;28.5310;28.5065;28.5082;28.5336;28.5203;28.5122;28.5059;28.5448;28.5003;28.5062;28.5585;28.5104;28.4991;28.5452;28.5913;28.5747;28.7073;28.7293;28.7148;28.7134;28.7136;28.7397;28.7089;28.7060;28.8418;28.8297;28.8435;28.9493;28.9435;28.9180;28.9014;28.9202;28.9333;28.9031;28.8974;28.9449;29.0042;28.9734;28.9658;29.1055;29.1565;29.1253;29.0988;29.1012;29.1037;29.1583;29.0944;28.9159;29.0293;28.9205;28.9447;28.9067;28.8982
28.9349;28.8632;28.7233;28.7099;28.7122;28.7680;28.6440;28.7010;28.6447;28.5395;28.5364;28.4977;28.5067;28.5494;28.3025;28.2906;28.3318;28.3263;28.2385;28.1582;28.1460;28.1064;28.1138;28.1448;28.1109;28.1142;28.1366;28.1070;28.1147;28.1490;28.1113;28.1138;28.1453;28.1074;28.1121;28.1430;28.1970;28.2942;28.3244;28.3241;28.2897;28.2931;28.3479;28.4329;28.4980;28.5446;28.6644;28.6463;28.7092;28.7185;28.7627;28.6976;28.7143;28.7519;28.7418;28.7601;28.7714;28.9094;28.9614;28.9031;28.9058;28.9161;28.9276;28.9483;29.0275;29.0952;29.1134;29.1312;29.1108;29.0985;29.1012;29.1524;29.1149;29.1025;29.2963;29.2456;29.3868;29.3306;29.2997;29.3073;29.3116;29.3789;29.3132;29.3051;29.3087;29.3148;29.3448;29.3401;29.3198;29.2472;29.2208;29.1090;29.2610;29.1422;29.0994;29.0990
29.1049;29.1363;29.1408;29.1075;29.1030;29.1419;28.9370;28.9081;28.8966;28.8996;28.9384;28.9371;28.9118;28.9123;28.9204;28.9054;28.7023;28.7073;28.7279;28.7144;28.7153;28.7157;28.7472;28.7420;28.6497;28.6980;28.7536;28.7041;28.8383;28.9395;28.9912;29.1158;29.2976;29.4368;29.5093;29.5392;29.5673;29.7259;29.7022;29.6922;29.6966;29.7046;29.7044;29.7290;29.7340;29.7534;29.6939;29.6949;29.8191;29.7575;29.8331;29.8382;29.9056;29.9276;29.9463;29.8929;29.8927;29.8931;29.8936;29.9010;29.8916;29.9206;29.9364;29.9416;29.9361;29.9246;29.8935;29.9005;29.8812;29.8908;29.8987;29.9086;29.9084;29.8864;29.9121;29.9129;29.9736;29.9325;30.0112;29.8934;29.9719;30.0247;29.9596;30.0291;29.9126;29.9159;29.9039;29.9249;29.9206;29.9627;29.9208;29.9270;29.8851;29.7480;29.6984;29.6985
29.6971;29.6993;29.6982;29.5254;29.5598;29.5296;29.5705;29.4952;29.4329;29.3700;29.3080;29.3222;29.3392;29.3631;29.2567;29.2299;29.0983;29.1628;29.1701;29.1328;29.1349;28.9782;28.9034;28.9228;28.9398;28.9225;28.9103;28.9195;29.1420;29.2007;29.3870;29.5015;29.6311;29.8370;30.0297;30.1551;30.1318;30.1621;30.1321;30.1186;30.1042;30.1464;30.2347;30.3083;30.2890;30.3003;30.3041;30.3021;30.3013;30.3023;30.2973;30.3001;30.3036;30.2988;30.3008;30.2961;30.2996;30.2979;30.3145;30.3030;30.3728;30.3028;30.4374;30.3708;30.4942;30.4941;30.5148;30.5016;30.5127;30.5097;30.5098;30.4963;30.5158;30.5106;30.4991;30.5075;30.4958;30.4997;30.4948;30.5034;30.5005;30.4247;30.4245;30.2956;30.3585;30.3033;30.2939;30.3028;30.3019;30.3037;30.2991;30.2975;30.2825;30.1619;30.1644;30.0945
30.1008;30.1012;30.1069;30.0995;30.1332;29.9879;29.9817;29.9180;29.9526;29.9147;29.9072;29.8930;29.8896;29.7605;29.6953;29.7060;29.7030;29.7135;29.7332;29.7765;29.7351;29.7315;29.7007;29.6915;29.5171;29.5803;29.5133;29.5275;29.6273;29.5240;29.5410;29.4934;29.5719;29.5904;29.7056;29.7276;29.7264;29.7751;29.7321;29.7431;29.7039;29.7022;29.6961;29.7001;29.6969;29.6919;29.7026;29.7018;29.7253;29.7042;29.7694;29.7314;29.7719;29.7141;29.7019;29.6981;29.6952;29.6953;29.6997;29.7057;29.7040;29.7478;29.7305;29.7694;29.7282;29.7281;29.7013;29.6985;29.6976;29.6949;29.6988;29.7016;29.7049;29.7045;29.7392;29.7192;29.7643;29.7327;29.7181;29.7018;29.5621;29.5013;29.5132;29.5147;29.5221;29.5611;29.5369;29.5066;29.4839;29.3705;29.3097;29.3105;29.3470;29.2762;29.3650;29.1639
29.0983;29.1014;29.1055;29.1003;28.9466;28.9090;28.9091;28.9074;28.7526;28.7435;28.7051;28.6445;28.5043;28.5581;28.5148;28.4987;28.3639;28.3212;28.3374;28.2941;28.3027;28.1675;28.1150;28.1071;28.1200;28.1409;28.1227;28.1082;28.1295;28.1149;28.0980;28.2937;28.3481;28.3829;28.4998;28.5134;28.5331;28.5993;28.6916;28.5070;28.5508;28.6700;28.5926;28.6459;28.6495;28.6684;28.4980;28.5060;28.5149;28.5338;28.5280;28.5032;28.5017;28.5581;28.5119;28.4972;28.5106;28.5394;28.5962;28.6299;28.6993;28.7187;28.7222;28.7096;28.7063;28.7149;28.7666;28.7157;28.7038;28.7454;28.7398;28.7180;28.7001;28.7150;28.7604;28.7428;28.7066;28.7137;28.7093;28.7546;28.7121;28.7022;28.7083;28.7136;28.7343;28.7009;28.7131;28.7478;28.7233;28.6412;28.6918;28.6442;28.5477;28.5061;28.5034;28.5060
28.5315;28.5407;28.4994;28.5030;28.4828;28.3691;28.2888;28.3212;28.3303;28.2919;28.2950;28.3320;28.3290;28.3028;28.3002;28.1542;28.1097;28.1131;28.1520;28.1158;28.1064;28.1333;28.1378;28.1113;28.1141;28.1422;28.1388;28.0383;28.0582;28.1176;27.9756;28.0913;28.0703;28.0975;28.1017;28.1763;28.1066;28.2329;28.2611;28.3027;28.3603;28.5116;28.5402;28.5354;28.4995;28.5050;28.5805;28.5050;28.5542;28.4996;28.4998;28.5329;28.5331;28.5059;28.4987;28.5719;28.5456;28.5271;28.5211;28.5793;28.6154;28.7573;28.7147;28.7002;28.7069;28.7148;28.7587;28.7090;28.7013;28.7148;28.7373;28.7604;28.7090;28.6908;28.7126;28.7241;28.7634;28.7089;28.7095;28.7133;28.7404;28.7632;28.7004;28.6982;28.7093;28.7382;28.7409;28.6900;28.5054;28.5501;28.5372;28.5004;28.4982;28.3796;28.3671;28.2971
28.2959;28.2761;28.2539;28.1679;28.1148;28.1473;28.1167;28.0496;27.9273;27.9061;27.9019;27.9106;27.9311;27.8986;27.8752;27.7473;27.7053;27.7215;27.7500;27.7155;27.7355;27.6584;27.6315;27.6071;27.5222;27.5158;27.5472;27.5685;27.5771;27.6055;27.5724;27.6106;27.6056;27.6410;27.7358;27.7111;27.7110;27.7551;27.8368;27.8999;27.9560;27.8363;27.8395;27.9343;27.8953;27.8996;27.9491;27.8941;27.9011;27.9753;28.0368;28.0462;28.1461;28.1121;28.1075;28.1383;28.1401;28.1055;28.1134;28.1300;28.1386;28.1126;28.1139;28.1646;28.1229;28.2318;28.3271;28.3139;28.2893;28.2926;28.3250;28.3322;28.2898;28.2980;28.3565;28.2921;28.3532;28.3374;28.3403;28.3630;28.3080;28.3043;28.3416;28.2931;28.2915;28.3344;28.3296;28.2892;28.2895;28.3018;28.3377;28.2983;28.2940;28.2763;28.1105;28.1070
24.6290;24.6031;24.6206;24.6013;24.5247;24.5117;24.4924;24.3703;24.3667;24.2946;24.2905;24.2896;24.2945;24.2918;24.2213;24.2230;24.1167;24.1599;24.2334;24.2262;24.1509;24.1369;24.1202;24.0946;24.1058;24.1154;24.1128;24.1142;24.1137;24.1149;24.1122;24.1713;24.2963;24.2932;24.5048;24.5618;24.5522;24.4071;24.3235;24.3944;24.4963;24.4339;24.4967;24.5064;24.5044;24.5024;24.5035;24.5673;24.6269;24.6463;24.7253;24.7424;24.5233;24.5095;24.5657;24.5551;24.5081;24.5079;24.4369;24.4987;24.5016;24.5052;24.5391;24.6187;24.6246;24.5211;24.5130;24.5015;24.5012;24.6260;24.6276;24.5063;24.5025;24.5032;24.5014;24.5044;24.5707;24.6260;24.5550;24.4664;24.3658;24.2899;24.2930;24.2928;24.1738;24.1166;24.1128;24.1052;24.1065;24.1065;24.1254;24.2017;24.2332;24.1018;23.9222;23.9218
23.9109;23.9046;23.9066;23.7673;23.7012;23.7110;23.6938;23.6932;23.6954;23.5693;23.5121;23.5071;23.5102;23.5147;23.4014;23.3658;23.3842;23.4026;23.4161;23.3468;23.3684;23.2357;23.2735;23.2250;23.3449;23.3447;23.3508;23.1812;23.2619;23.3189;23.3368;23.3220;23.3230;23.3210;23.3810;23.3947;23.3653;23.5043;23.4436;23.5098;23.5090;23.6811;23.6933;23.7700;23.7061;23.7719;23.9649;24.1010;24.1016;24.1023;24.1040;24.2812;24.2910;24.5059;24.7369;24.9398;24.8878;24.8986;24.9029;24.8954;24.8953;25.0168;25.2890;25.2882;25.2884;25.4183;25.5611;25.5935;25.5127;25.4971;25.4837;25.4952;25.3084;25.3530;25.2953;25.3699;25.3689;25.1842;25.1099;25.0962;25.1091;25.0986;25.0934;25.0781;24.9725;24.9632;25.0079;24.9258;24.9052;24.8370;24.8305;24.6897;24.6851;24.6281;24.5005;24.4998
24.5088;24.5682;24.5962;24.4295;24.3129;24.2935;24.2924;24.2900;24.2244;24.1216;24.1138;24.1032;24.1125;24.1068;24.1162;24.0962;23.9685;23.9172;23.9738;24.0273;24.0236;24.0180;23.9920;23.9230;23.9203;23.9076;23.8448;23.9060;23.8950;23.9006;23.9043;23.9043;23.9730;24.1622;24.2903;24.2860;24.2900;24.4303;24.4929;24.5105;24.7634;24.8072;24.7636;24.9194;24.8999;24.8987;24.9584;25.0827;25.2848;25.3447;25.5561;25.7583;25.9348;26.0096;25.8948;25.8954;25.8935;25.9699;25.8893;25.6995;25.8078;25.6108;25.4786;25.4947;25.5543;25.5790;25.5019;25.5676;25.7965;25.7319;25.6177;25.6813;25.6819;25.6844;25.6858;25.7096;25.7791;25.6974;25.6832;25.6830;25.6797;25.6894;25.6917;25.7741;25.7189;25.6888;25.6898;25.6770;25.6806;25.5005;25.5691;25.5603;25.4345;25.2860;25.2838;25.2896
25.2869;25.2239;25.1537;25.2144;25.1001;24.9612;24.8982;24.8989;24.8886;24.8384;24.7593;24.6931;24.7501;24.8113;24.6928;24.5250;24.4999;24.4989;24.5027;24.4983;24.4932;24.4826;24.3724;24.3043;24.4282;24.5027;24.5171;24.5443;24.5194;24.5058;24.4989;24.4984;24.5038;24.4414;24.5072;24.5643;24.6880;24.6848;24.6865;24.7305;24.9147;25.0240;24.9203;24.9048;24.8957;24.8984;24.8981;24.8998;24.8957;24.8349;24.8294;24.9004;24.8619;24.8187;24.7014;24.6817;24.6860;24.6817;24.6260;24.6259;24.5618;24.6155;24.5527;24.5036;24.6575;24.6101;24.6261;24.5169;24.5021;24.6122;24.6830;24.6837;24.6887;24.6821;24.6885;24.7051;24.8002;24.9220;24.7884;24.7622;24.8289;24.7143;24.7564;24.6862;24.6865;24.6875;24.6920;24.7865;24.7649;24.6365;24.4995;24.4998;24.4993;24.5004;24.4934;24.2904
24.2924;24.2928;24.3168;24.3977;24.3391;24.2391;24.1283;24.1042;24.1116;24.1096;24.1107;24.0928;24.0279;23.9048;23.9045;23.9062;23.9030;23.9007;23.9044;23.6958;23.8075;23.7961;23.8394;23.8241;23.7485;23.7161;23.7090;23.6990;23.7046;23.7108;23.8407;23.7849;23.8860;23.9040;23.9048;24.0279;23.9744;24.1047;24.1147;24.1033;24.2247;24.3367;24.3897;24.4122;24.4302;24.5344;24.5093;24.5666;24.9546;24.9548;24.8939;25.1472;25.4112;25.6100;25.8466;25.9809;25.9102;26.0122;26.0692;25.9615;26.0105;26.1379;26.2433;26.2675;26.0653;25.8970;25.9002;25.8895;25.8877;25.8136;25.7631;25.6937;25.6815;25.6799;25.6770;25.4858;25.4996;25.5039;25.6229;25.5684;25.4945;25.4951;25.5013;25.4788;25.2902;25.2850;25.3336;25.4038;25.2129;25.0975;25.0778;24.9582;24.8968;24.8968;24.8987;24.7688
24.6931;24.7674;24.8044;24.5460;24.5163;24.4952;24.4949;24.4171;24.3059;24.2926;24.2972;24.1876;24.2717;24.2322;24.1493;24.1313;24.1070;24.0276;23.9062;23.9059;23.9057;23.9040;23.8986;23.9016;23.9001;23.9021;23.8995;23.9067;23.9300;23.9802;24.0825;24.2213;24.2053;24.3091;24.2915;24.2995;24.4308;24.4740;24.4920;24.5038;24.5022;24.4999;24.4981;24.5480;24.6269;24.5899;24.5157;24.5049;24.4991;24.5020;24.6202;24.6227;24.6834;24.6844;24.6971;24.7897;24.9150;24.7040;24.7555;24.7756;24.8329;24.8006;24.8350;24.8987;24.8403;24.8858;24.8160;24.7405;24.6992;24.6879;24.7168;24.9016;24.8989;24.8990;25.0291;25.1681;25.1785;25.1178;25.0794;25.0785;25.0894;25.1077;25.1674;25.2230;25.2411;25.3716;25.1631;25.0847;25.0801;25.0769;25.0264;24.9551;24.8966;24.9339;25.0006;24.7371
24.6996;24.6876;24.6865;24.5012;24.5017;24.5004;24.3483;24.2946;24.3428;24.2967;24.1929;24.1415;24.1216;24.1139;24.1166;24.1058;23.9730;23.9628;23.9578;23.9029;23.9022;23.9022;23.9037;23.9059;23.9114;23.9257;23.8898;24.0280;23.8359;23.7621;23.7140;23.8189;23.9062;24.1166;24.2354;24.2948;24.2947;24.3648;24.5044;24.5070;24.6300;24.7233;24.8029;24.9065;24.9083;24.8981;24.8988;24.9575;24.9613;25.0778;25.1029;25.1646;25.3006;25.3011;25.2877;25.2877;25.2864;25.4095;25.3628;25.5426;25.6081;25.5108;25.4980;25.4810;25.5558;25.4975;25.5599;25.6745;25.7935;25.7027;25.7465;25.6830;25.6806;25.6801;25.6983;25.7864;25.7109;25.6838;25.6852;25.6826;25.6808;25.6798;25.7552;25.7577;25.8279;25.6834;25.6841;25.6794;25.6885;25.7797;25.6356;25.5009;25.4956;25.4958;25.4842;25.3499
25.3435;25.3700;25.2977;25.1105;25.1007;25.1068;25.0985;25.0825;25.1257;25.0672;24.9240;25.0197;24.8943;24.8952;24.8973;24.8962;24.8975;24.9072;25.0110;24.9599;24.9061;24.8328;24.8861;24.8381;24.8968;24.8954;24.9004;24.9785;25.0031;24.9173;24.8972;24.8973;24.9001;25.0238;25.0838;25.0857;25.2607;25.1730;25.1591;25.1557;25.1076;25.2822;25.3484;25.4261;25.6064;25.6728;25.6839;25.6862;25.8332;25.8915;25.8931;26.1053;26.0939;26.2133;26.2841;26.2864;26.2798;26.3583;26.3143;26.2960;26.4059;26.4670;26.4712;26.5990;26.6150;26.6675;26.6795;26.6745;26.7791;26.6803;26.6726;26.8110;26.6841;26.7592;26.6730;26.6868;26.7999;26.9037;26.9690;26.8719;26.8946;26.9493;26.9365;26.9282;26.8697;26.8896;26.8882;26.9663;26.8828;26.7973;26.7382;26.6728;26.7705;26.7057;26.6761;26.6779
26.4940;26.5451;26.4890;26.4610;26.3464;26.2903;26.3214;26.3008;26.0753;26.0667;26.0658;26.0669;26.1287;25.9426;25.9539;25.8917;25.8925;25.8956;25.9365;26.0099;25.8686;25.7539;25.7437;25.6828;25.6807;25.7514;25.7569;25.8229;25.8908;25.9499;26.0689;26.0830;26.2434;26.2997;26.4730;26.4932;26.6121;26.7265;26.7953;26.8791;26.8847;26.8853;26.9004;26.9942;27.0676;27.0606;27.0659;27.1399;27.1019;27.0640;27.0745;27.2699;27.3362;27.3821;27.4062;27.3420;27.4568;27.4226;27.4626;27.4876;27.4670;27.5361;27.4938;27.4869;27.4757;27.4809;27.5744;27.4863;27.4774;27.4605;27.5165;27.5211;27.4587;27.4691;27.5793;27.6601;27.6659;27.6693;27.6759;27.7398;27.6739;27.6724;27.6681;27.7360;27.6113;27.4698;27.4739;27.5128;27.5327;27.4701;27.3453;27.2865;27.3954;27.2822;27.2761;27.0809
27.1109;27.1232;26.9537;26.8814;26.8795;26.9645;26.9293;26.8118;26.6744;26.6719;26.7148;26.6758;26.6801;26.6156;26.5124;26.5383;26.4753;26.4594;26.3532;26.3424;26.3792;26.3185;26.2826;26.2839;26.2775;26.2832;26.3772;26.2857;26.2818;26.4183;26.4686;26.5892;26.7610;26.8764;27.0120;27.0676;27.1114;27.1886;27.2666;27.2760;27.3460;27.5085;27.5335;27.4696;27.6105;27.6731;27.7476;27.7067;27.6874;27.7982;27.8788;27.9369;27.8574;28.0607;28.0628;28.2201;28.1398;28.2611;28.2662;28.3347;28.2704;28.2705;28.2639;28.3546;28.2598;28.3314;28.4731;28.5409;28.4847;28.4711;28.4870;28.5350;28.4612;28.4605;28.5307;28.4793;28.4784;28.4740;28.6904;28.6070;28.6656;28.6879;28.7196;28.6606;28.6641;28.7548;28.4873;28.4726;28.4732;28.5430;28.4505;28.4022;28.3666;28.3070;28.2727;28.2097
28.1406;28.0756;28.0739;28.0674;28.0939;27.9355;27.8736;27.8732;27.9558;27.8176;27.6811;27.6705;27.7650;27.6102;27.4826;27.4662;27.5591;27.4779;27.3379;27.2733;27.3171;27.3289;27.2754;27.1970;27.1374;27.1492;27.1537;27.2656;27.2767;27.2855;27.3698;27.2842;27.2751;27.4600;27.5446;27.4974;27.4562;27.6038;27.6911;27.6747;27.4780;27.5356;27.6074;27.7524;27.8667;27.8643;27.8664;28.0787;28.0649;28.0615;28.1207;28.2619;28.2969;28.3288;28.4177;28.5124;28.4851;28.4697;28.4671;28.5517;28.4845;28.5323;28.5465;28.7370;28.6668;28.6618;28.7061;28.7134;28.6649;28.6628;28.7202;28.6690;28.7955;29.0882;28.7158;28.6659;28.7984;28.7449;28.6625;28.6619;28.7268;28.6670;28.6633;28.6961;28.6803;28.6643;28.6637;28.7465;28.6041;28.6026;28.6117;28.4904;28.4664;28.4888;28.5145;28.4000
28.3325;28.3507;28.2763;28.2743;28.2689;28.2917;28.1424;28.0656;28.1032;28.1084;28.0559;28.0597;28.1148;28.0718;28.0602;27.9405;27.9431;27.8618;27.8657;27.8474;27.9555;27.8590;27.8699;27.8513;27.8692;27.7991;27.8663;27.8504;27.9838;28.0667;28.0646;28.1421;28.3506;28.4797;28.4630;28.5200;28.6736;28.6604;28.6713;28.7332;28.6630;28.6649;28.7528;28.8516;28.9229;29.0899;29.0958;29.0640;29.1996;29.3289;29.2671;29.2761;29.5485;29.4783;29.4660;29.5548;29.4646;29.4531;29.4923;29.4732;29.4718;29.5516;29.4862;29.4744;29.5133;29.5095;29.3981;29.4085;29.5073;29.4592;29.4848;29.3824;29.3359;29.3895;29.4596;29.3222;29.2715;29.3179;29.3376;29.4793;29.5525;29.4626;29.4723;29.5267;29.4677;29.4140;29.3469;29.2637;29.2702;29.3422;29.1387;29.1254;29.1191;29.0570;29.0580;29.1475
28.6683;28.6665;28.7027;28.7132;28.6640;28.6645;28.7567;28.4788;28.4778;28.5281;28.4917;28.4595;28.4701;28.3997;28.2693;28.2694;28.3088;28.3206;28.1472;28.0651;28.1422;28.0699;28.0680;28.0665;28.1512;28.0631;28.0603;28.1127;28.0766;28.0618;28.1509;28.3351;28.3413;28.4667;28.6495;28.6960;28.6642;28.6676;29.1102;29.0692;29.0661;29.2759;29.2666;29.2801;29.4563;29.4822;29.4770;29.5345;29.4746;29.6017;29.7303;29.6606;29.6558;29.7884;29.8536;29.8668;29.9152;29.8669;29.8917;29.9123;29.8655;29.9093;29.8686;29.8688;29.9115;29.8660;29.8661;29.9242;29.8695;29.8679;29.9493;29.8644;29.8710;29.9150;29.8654;29.8750;29.9163;29.8668;29.8450;29.8229;29.7628;29.7890;29.7939;29.6572;29.8448;29.6678;29.6592;29.7138;29.6505;29.5985;29.5633;29.4724;29.4841;29.5342;29.4686;29.3375
29.3284;29.2703;29.2701;29.3378;29.2639;29.1471;29.2902;29.0627;29.0561;29.1062;29.0610;29.0546;29.1061;28.9281;29.0774;28.7252;28.6696;28.6631;28.7498;28.6623;28.6657;28.7215;28.6632;28.6686;28.7092;28.6718;28.6678;28.7105;28.7053;28.6637;28.6782;28.7186;28.6679;29.0588;29.1556;29.0558;29.0667;29.1423;29.0570;29.0591;29.1010;29.0435;29.0667;29.0785;29.0741;29.0503;29.0957;29.1140;29.0552;29.0690;29.1364;29.0551;29.0663;29.1307;29.1479;29.2651;29.3175;29.2657;29.2677;29.3587;29.2707;29.2663;29.2144;29.2100;29.2634;29.2840;29.2709;29.2054;29.3119;29.2702;29.2689;29.3093;29.2794;29.2644;29.3093;29.3048;29.2638;29.3151;29.3039;29.0752;29.2435;29.3092;29.1325;29.0607;29.1065;28.7932;29.0595;28.9964;28.7850;28.6645;28.5913;28.5294;28.4694;28.4856;28.5408;28.2659
28.2672;28.3321;28.2740;28.1432;28.2051;28.1333;28.0594;28.0586;28.1061;28.0282;27.9247;27.8601;27.9460;27.8688;27.8593;27.7333;27.7463;27.6738;27.6693;27.6735;27.5379;27.5201;27.4866;27.4844;27.4819;27.5539;27.4828;27.4038;27.2835;27.4730;27.4327;27.4697;27.4831;27.4801;27.6260;27.6729;27.6700;27.6683;27.7566;27.6750;27.6679;27.6703;27.7621;27.6784;27.7867;27.7355;27.8025;27.6737;27.6691;27.6691;27.7677;27.8112;27.8624;27.8758;27.9207;27.8630;27.8639;27.9246;27.8891;27.9866;27.9978;28.1440;28.0691;28.0570;28.0638;28.1590;28.0540;28.0638;28.0836;28.1340;28.0632;28.0621;28.0955;28.1158;28.0682;28.0574;28.1433;28.0657;28.0586;28.0589;28.1339;28.0663;28.0594;27.9871;28.0159;27.9676;27.9405;27.9267;27.9392;27.8808;27.8683;27.8506;27.8802;27.6711;27.6739;27.6774
27.7521;27.6754;27.6709;27.6220;27.5686;27.5382;27.6003;27.4852;27.5627;27.4821;27.4688;27.4909;27.5689;27.3467;27.3932;27.4000;27.4384;27.2884;27.2772;27.2771;27.3270;27.3135;27.2788;27.2783;27.2840;27.3583;27.2750;27.2676;27.2802;27.3255;27.3093;27.2744;27.2713;27.2802;27.4380;27.4854;27.4697;27.4857;27.5633;27.6212;27.5387;27.6097;27.6022;27.7048;27.6728;27.8020;27.9287;27.8802;27.8667;27.8662;27.9906;28.0602;28.0584;28.0573;28.1447;28.0670;28.0848;28.0667;28.1422;28.0620;28.0657;28.0862;28.1386;28.1336;28.0688;28.1240;28.1770;28.1354;28.1490;28.3406;28.2802;28.2708;28.2719;28.3585;28.2754;28.2671;28.2843;28.3346;28.3305;28.2673;28.3150;28.3159;28.2652;28.2717;28.3179;28.1946;28.0882;28.0689;28.1433;28.0196;27.9166;27.8595;27.9191;27.8659;27.7869;27.6649
27.7295;27.6795;27.6123;27.4773;27.5321;27.5039;27.4807;27.3387;27.2902;27.3757;27.2798;27.2667;27.1430;27.1115;27.1554;27.0761;27.0733;27.0639;27.1458;26.9897;26.8843;26.8770;26.8760;26.9476;26.8924;26.8748;26.8765;26.8726;26.9437;26.9367;26.8888;26.8856;26.8677;26.9341;27.0421;27.0018;26.9428;27.0079;27.1524;27.0623;27.0014;27.0642;26.9469;27.1689;27.0802;27.1249;27.2487;27.3089;27.3206;27.2892;27.3982;27.4979;27.5597;27.4794;27.4802;27.4751;27.5892;27.6753;27.6731;27.6706;27.7560;27.7443;27.7868;27.8663;27.9724;27.8848;27.8744;27.8622;27.9475;27.8583;27.8659;27.8848;27.9098;27.8540;27.8675;27.9053;27.9036;27.8583;27.8637;27.9289;27.8926;27.8588;27.8026;27.7675;27.6853;27.6700;27.6662;27.7474;27.6118;27.5872;27.4786;27.5466;27.4942;27.4687;27.3548;27.2869
24.9743;25.0605;24.8803;24.8038;24.7453;24.8641;24.7419;24.7401;24.7443;24.8247;24.5802;24.5556;24.5594;24.6674;24.5796;24.5534;24.5493;24.5277;24.3801;24.3475;24.3537;24.4453;24.3498;24.3510;24.3536;24.4627;24.3403;24.2749;24.3419;24.3941;24.3383;24.4749;24.5722;24.8190;24.8688;24.9428;24.8139;24.8082;24.8003;24.7359;24.6637;24.6231;24.7559;24.7472;24.8133;24.9657;25.0757;25.0135;25.1352;25.1386;25.1582;25.1954;24.9538;24.9488;24.9486;25.0213;24.8424;24.7443;24.7477;24.7908;24.8169;24.7463;24.7448;24.7616;24.8901;24.7402;24.7434;24.7335;24.8697;24.7532;24.7388;24.7429;24.7490;24.7958;24.7390;24.7366;24.7711;24.8524;24.6844;24.6755;24.6210;24.6610;24.5637;24.5520;24.5693;24.6625;24.5634;24.5570;24.5497;24.5048;24.3523;24.3491;24.3629;24.4685;24.3340;24.2151
24.2153;24.2560;24.1767;24.1706;24.1450;24.1869;24.0148;23.9538;24.0264;23.9773;23.9613;23.9363;23.8496;23.7458;23.7500;23.8126;23.8005;23.7439;23.6371;23.6806;23.5661;23.5640;23.6730;23.5712;23.5652;23.5822;23.6064;23.5330;23.4858;23.4712;23.4252;23.4166;23.5755;23.6002;23.5646;23.5754;23.6433;23.5630;23.5668;23.6354;23.6528;23.6857;23.7585;23.8496;23.7436;23.7484;23.8352;24.0186;23.9546;23.9648;24.1472;24.1457;24.1519;24.1670;24.4247;24.3497;24.3554;24.5381;24.6563;24.5496;24.5505;24.7493;24.9929;24.9535;24.9515;25.1352;25.3544;25.6479;25.5319;25.5381;25.6700;25.6833;25.6764;25.6266;25.5252;25.5275;25.3969;25.4111;25.4053;25.3369;25.3422;25.3447;25.3642;25.4431;25.2855;25.2844;25.2545;25.2265;25.2055;25.1352;25.1405;25.1398;25.1743;24.9822;24.9530;24.9502
24.9716;25.0721;24.8707;24.7424;24.7519;24.8464;24.7445;24.7441;24.7371;24.6850;24.5719;24.5383;24.5513;24.6153;24.6141;24.4842;24.4207;24.4167;24.4160;24.3515;24.3473;24.4072;24.4049;24.3301;24.2730;24.2974;24.2125;24.1511;24.1390;24.3121;24.1610;24.1613;24.2309;24.6574;24.5324;24.5440;24.5672;24.6780;24.5617;24.5593;24.5782;24.7781;24.7368;24.7419;24.7499;24.9458;24.9544;24.9543;25.0096;25.2275;25.3315;25.3399;25.3432;25.4728;25.6637;25.5296;25.5372;25.5279;25.5668;25.6823;25.5423;25.3417;25.3432;25.3598;25.4801;25.4662;25.3474;25.4644;25.5535;25.6329;25.6083;25.8077;25.9457;26.2038;26.0583;26.1225;26.3344;26.3429;26.5180;26.5193;26.5972;26.6508;26.5272;26.5193;26.5156;26.4706;26.3566;26.4900;26.2523;25.9457;25.9499;25.9429;25.9646;26.0173;25.7419;25.7410
25.7388;25.7416;25.8480;25.6320;25.5354;25.5247;25.5301;25.5602;25.3683;25.3440;25.3421;25.3474;25.3877;25.1511;25.1367;25.1383;25.2393;25.1482;25.0153;24.9484;25.0133;25.0596;24.9541;24.9453;24.8341;24.9260;24.7414;24.7386;24.7509;24.8474;24.7447;24.7441;24.7459;24.8820;24.7463;24.7592;24.7721;24.9858;24.8743;24.9293;24.9432;25.0738;24.9591;24.9506;24.9464;25.0456;24.9657;24.9530;24.9483;25.0291;24.9842;24.9490;24.9500;25.0202;25.0203;24.9471;24.9536;24.9981;25.0147;24.9444;24.9350;24.9370;24.9234;24.8651;24.8755;24.7680;24.9215;24.8015;24.8717;24.8766;25.0697;24.9393;24.9557;24.9423;25.0786;24.9578;25.0141;25.1316;25.3263;25.3966;25.2131;25.1333;25.1420;25.2616;25.1364;25.1339;25.1311;25.2101;25.1373;25.0153;24.9482;24.9613;25.0629;24.9416;24.8947;24.7571
24.8377;24.7402;24.7414;24.7306;24.6333;24.5612;24.5553;24.5609;24.6449;24.4767;24.3541;24.4171;24.4097;24.3474;24.3445;24.4294;24.2494;24.2177;24.1851;24.2763;24.1409;24.1527;24.2092;24.1618;24.1405;24.1634;24.2167;24.0193;23.9545;24.0880;23.9786;24.0206;24.0377;24.2486;24.1397;24.1412;24.2845;24.3890;24.3483;24.3487;24.4487;24.3533;24.4108;24.3618;24.4266;24.3404;24.3457;24.4776;24.5894;24.7304;24.6782;24.8065;24.8659;24.8854;25.0147;25.2032;25.1973;25.2038;25.3398;25.3552;25.4370;25.4671;25.5270;25.6634;25.6548;25.6416;25.6006;25.6706;25.5522;25.6120;25.6176;25.6625;25.8595;25.9305;25.7581;25.8409;25.7385;25.9341;25.9502;25.9473;26.0639;25.9634;25.9493;25.9354;25.9484;25.9335;25.8569;25.7381;25.6710;25.5260;25.5951;25.5375;25.4010;25.3420;25.3440;25.3245
25.1551;25.1358;25.0734;25.0814;25.0828;24.9589;24.9301;24.7508;24.7641;24.8018;24.7420;24.6816;24.6070;24.6356;24.5552;24.5604;24.6156;24.5066;24.3468;24.3511;24.4608;24.3559;24.3451;24.2873;24.3788;24.3196;24.3165;24.2448;24.2531;24.4077;24.5628;24.7709;24.7979;24.9536;25.0148;25.2448;25.1367;25.2069;25.2751;25.4711;25.2195;25.2011;25.3438;25.4262;25.4695;25.4613;25.5201;25.5376;25.6357;25.4672;25.3373;25.3450;25.4154;25.5412;25.5253;25.5960;25.5529;25.6791;25.5395;25.5788;25.6710;25.7410;25.7286;25.6830;25.5231;25.4645;25.3607;25.4910;25.3599;25.4018;25.5349;25.7521;26.0163;25.9552;26.3278;26.2046;26.3407;26.4153;26.4364;26.3358;26.3414;26.4696;26.3325;26.4130;26.1889;25.9458;25.9486;25.8565;25.7416;25.8428;25.7096;25.5397;25.5248;25.5256;25.4656;25.3917
25.3444;25.2085;25.1444;25.2460;24.9530;24.9555;24.9493;24.9856;24.7728;24.7401;24.7382;24.8140;24.6780;24.6092;24.5576;24.6208;24.6244;24.5410;24.3403;24.4206;24.4052;24.3473;24.3300;24.3423;24.1787;24.1406;24.1396;24.2670;24.1417;24.1371;24.1520;24.3418;24.2838;24.5294;24.5606;24.6646;24.7332;24.7374;24.7383;24.9355;24.9900;24.9530;25.0087;25.1454;25.2936;25.1365;25.1385;25.1333;25.1889;25.2140;25.2679;25.3337;25.3407;25.4491;25.3731;25.3410;25.3394;25.3487;25.5920;25.5382;25.5263;25.6038;25.7460;25.8186;25.7910;25.7395;25.8686;25.9586;26.3587;26.5003;26.5390;26.4693;26.3399;26.3367;26.3536;26.1090;26.0977;26.3306;26.3368;26.3464;26.5439;26.6717;26.5474;26.5178;26.5205;26.4582;26.3472;26.3949;26.4630;26.2095;25.9442;25.9474;25.9466;26.0214;26.0061;25.9412
25.8631;25.7310;25.7515;25.8664;25.7423;25.7339;25.7343;25.6859;25.7979;25.5560;25.6053;25.5426;25.5338;25.6596;25.5300;25.5256;25.4679;25.5139;25.4798;25.3485;25.3424;25.3353;25.3586;25.4517;25.3439;25.3402;25.3467;25.4416;25.4025;25.3441;25.3393;25.3492;25.4757;25.3457;25.3435;25.3418;25.3933;25.5161;25.4642;25.5247;25.5377;25.6120;25.5941;25.7154;25.7332;25.7407;25.9028;26.0206;25.9385;25.9442;25.9444;26.1330;26.4796;26.3381;26.3381;26.5244;26.5227;26.5611;26.6630;26.5222;26.5998;26.7312;26.7345;26.9467;27.1655;27.2388;27.0739;27.1201;27.1211;27.1294;27.3990;27.5237;27.3755;27.4846;27.3742;27.3338;27.4742;27.6060;27.7255;27.7954;27.7300;27.7365;27.6618;27.6137;27.5379;27.5217;27.4752;27.3942;27.3292;27.3291;27.3566;27.4927;27.3416;27.2556;27.1198;27.1247
27.1249;27.1244;27.0764;27.0951;27.0236;26.9407;26.9352;26.9134;26.7924;26.7342;26.7927;26.8220;26.6847;26.6052;26.5487;26.5300;26.5448;26.6016;26.6311;26.5328;26.4604;26.3515;26.3384;26.3585;26.4980;26.3455;26.3359;26.3311;26.3374;26.3684;26.5676;26.4734;26.5201;26.7311;26.7311;26.8700;27.0390;27.1303;27.0723;27.1300;27.1207;27.1242;27.1433;27.3051;27.3592;27.5009;27.4111;27.3349;27.3323;27.3300;27.3925;27.5151;27.5378;27.5970;27.6913;27.5739;27.5953;27.6679;27.6569;27.7269;27.7277;27.7248;27.7438;27.8000;27.9011;27.7848;27.8590;27.9152;27.9160;27.9243;27.9059;27.9215;27.9131;28.2591;28.3312;28.3932;28.4660;28.4067;28.3414;28.3282;28.3301;28.3154;28.1408;28.1198;28.1199;28.1150;28.1123;28.1218;28.0518;27.9453;27.9883;28.1041;27.9124;27.7922;27.7367;27.7254
27.7272;27.7232;27.5353;27.5484;27.6459;27.6479;27.5323;27.3421;27.3293;27.3308;27.3377;27.3383;27.3455;27.2704;27.1302;27.1219;27.1245;27.0038;26.9461;26.9839;27.0458;26.9800;26.9336;26.8119;26.7266;26.7936;26.7499;26.8389;26.8218;26.7377;26.9336;26.9255;27.1232;27.2585;27.4332;27.4420;27.3974;27.5181;27.5257;27.5149;27.5318;27.6644;27.7343;27.7713;27.8852;27.9933;27.9256;27.9150;27.9217;27.9953;27.9936;28.1173;28.1154;28.1151;28.1191;28.1391;28.1695;28.3634;28.4369;28.3678;28.3339;28.4514;28.5193;28.5304;28.6519;28.7170;28.9211;28.9890;28.9656;28.9282;29.0508;29.1117;29.1073;29.2391;29.2483;29.2516;29.3218;29.3264;29.3215;29.4508;29.5057;29.5362;29.3999;29.3222;29.3197;29.2900;29.1906;29.1138;29.1142;29.1051;28.9230;28.9267;28.9222;28.9189;28.8105;28.7467
28.7466;28.7946;28.7784;28.7389;28.6833;28.6360;28.6042;28.4257;28.3485;28.3345;28.3280;28.3136;28.2530;28.1161;28.1225;28.1143;27.9931;27.9984;27.9230;27.9295;27.9123;27.8262;27.8556;27.8996;27.7796;27.7258;27.7302;27.7233;27.7290;27.7309;27.7291;27.7234;27.7259;27.7424;27.7655;27.8585;27.9119;27.8541;27.8715;27.9067;27.9112;27.9190;27.9196;27.9120;28.0919;28.1142;28.1269;28.2585;28.3081;28.3538;28.3980;28.4890;28.6258;28.6470;28.5964;28.5257;28.5305;28.5393;28.6578;28.7197;28.7187;28.7233;28.9258;28.9298;28.9911;29.0426;29.0603;29.0493;29.1102;29.1193;29.3768;29.5298;29.6541;29.5945;29.5330;29.5116;29.5230;29.5213;29.3796;29.3192;29.3161;29.3185;29.3253;29.1151;29.2032;29.2003;29.2514;29.1356;29.1142;29.1117;29.1104;29.1146;29.0497;28.9935;28.9324;28.9296
28.9254;28.9190;28.9187;28.7332;28.7223;28.7219;28.7239;28.7209;28.7236;28.7197;28.7171;28.6559;28.6034;28.5296;28.5161;28.5113;28.5085;28.5047;28.5196;28.3926;28.4508;28.3242;28.3290;28.3348;28.3502;28.3874;28.5075;28.4898;28.4332;28.3299;28.3117;28.3897;28.5162;28.7126;28.7210;28.7273;28.8996;28.9280;28.9289;28.9219;29.0484;29.1116;29.1109;29.1040;29.1105;29.1217;29.2379;29.2564;29.3157;29.3182;29.3217;29.3783;29.4493;29.5215;29.5124;29.5324;29.5314;29.5335;29.5296;29.5278;29.5228;29.5150;29.5243;29.5234;29.5315;29.5381;29.5355;29.5984;29.5537;29.6639;29.7486;29.7293;29.8833;29.8016;29.7424;29.7301;29.7278;29.7224;29.8636;29.9241;29.9821;29.9175;29.9224;29.9253;29.9220;29.9206;29.7738;29.7057;29.7131;29.7113;29.6526;29.5359;29.5329;29.5195;29.5459;29.4992
29.3992;29.4085;29.4791;29.4950;29.4903;29.3773;29.2962;29.2852;29.2918;29.2961;29.2659;29.0438;29.0374;29.0764;29.0988;29.0750;28.9532;28.8947;28.8841;28.8838;28.8994;28.7150;28.6843;28.6739;28.6762;28.6050;28.5710;28.5255;28.5208;28.5147;28.5146;28.5188;28.7264;28.9166;28.9279;28.9246;29.1106;29.1137;29.1142;29.3213;29.3224;29.3200;29.3194;29.5072;29.5366;29.5332;29.5068;29.5299;29.5328;29.7217;29.7493;29.8226;29.8637;29.8759;29.9730;30.0644;29.9863;29.9530;29.9509;29.9298;29.9831;30.0565;30.1009;30.1083;30.1166;30.1161;30.1027;30.1220;30.1164;30.1189;30.1081;30.1245;30.1957;30.2675;30.2849;30.2216;30.1395;30.1243;30.1048;30.1226;30.1117;30.1072;30.1071;30.1143;30.1026;30.1218;30.1082;29.9931;30.0195;30.0965;30.0425;29.9860;29.9324;29.9101;29.7691;29.7124
29.7118;29.7159;29.7114;29.7108;29.5856;29.5333;29.5300;29.5308;29.5151;29.5322;29.5225;29.5065;29.4468;29.3187;29.3261;29.3180;29.3239;29.3218;29.3305;29.3308;29.3377;29.2184;29.1977;29.1346;29.1399;29.1349;29.1392;29.1502;29.1403;29.1152;29.1476;29.1410;29.1401;29.3122;29.2562;29.2875;29.3825;29.2820;29.4608;29.4279;29.3150;29.4264;29.4158;29.4993;29.5052;29.4903;29.4379;29.4088;29.4279;29.3898;29.3510;29.3807;29.3478;29.3550;29.3555;29.3464;29.3385;29.3425;29.3318;29.3288;29.3197;29.3209;29.3186;29.3176;29.3185;29.3874;29.4414;29.3271;29.5345;29.5845;29.7134;29.7859;29.7771;29.9737;29.9176;29.8426;29.7066;29.7165;29.6016;29.6047;29.7298;29.8191;29.7041;29.7062;29.6842;29.6760;29.4577;29.4263;29.3552;29.2514;29.1490;29.1390;29.1367;29.1390;28.9647;28.9654
28.9752;28.9320;28.8622;28.8987;28.8988;28.8013;28.6718;28.6650;28.5785;28.3809;28.3355;28.3408;28.2772;28.1261;28.1189;28.1198;28.1109;27.9912;27.9076;27.9188;27.9240;27.8047;27.7371;27.7320;27.7541;27.8039;27.9050;27.8356;27.7480;27.7279;27.7268;27.7219;27.7207;27.7269;27.7350;27.8011;27.8544;27.9203;27.9383;28.0368;28.0730;28.0517;27.9760;27.9077;27.9948;28.0041;27.9282;27.9195;27.9326;27.9214;27.9933;28.1196;28.1101;28.1166;28.1270;28.0719;28.1839;28.2734;28.2919;28.2484;28.2475;28.3273;28.3304;28.3073;28.3271;28.3853;28.4445;28.5118;28.5204;28.5068;28.5986;28.7163;28.6403;28.6613;28.7220;28.7244;28.7268;28.7177;28.7144;28.6548;28.5924;28.5843;28.5187;28.5197;28.5436;28.5377;28.5728;28.6405;28.6699;28.6194;28.4919;28.4276;28.4362;28.3253;28.3277;28.2661
28.2460;28.1289;28.1135;28.1174;28.1236;28.1193;28.1139;28.0533;28.0565;27.9883;27.9223;27.9423;27.9418;28.0459;28.0840;28.0056;27.9253;27.7975;27.8062;27.7366;27.7244;27.7229;27.7270;27.7249;27.7317;27.7482;27.8462;27.8894;27.7796;27.7277;27.7250;27.7272;27.7218;27.7231;27.7197;27.7259;27.7284;27.7544;27.7523;27.8908;27.8606;27.7506;27.8516;27.9072;27.9261;27.9083;27.9210;27.9131;27.9884;28.0542;28.1149;28.1105;28.1159;28.1456;28.1922;28.2818;28.3023;28.2360;28.1611;28.1230;28.2461;28.3258;28.3285;28.3125;28.3269;28.4498;28.5062;28.5206;28.5817;28.7202;28.8619;28.8561;28.8726;29.1056;29.1075;29.1050;29.1086;29.1096;29.1106;29.1069;29.1107;29.1105;28.9207;28.9163;28.7947;28.7770;28.7206;28.7183;28.7140;28.6000;28.5219;28.5384;28.3624;28.4379;28.4326;28.3551
28.2396;28.1409;28.1231;27.9224;27.9208;27.9217;27.8602;27.7394;27.7260;27.7294;27.6965;27.7665;27.6577;27.6872;27.5612;27.5210;27.5326;27.4567;27.3295;27.3329;27.3285;27.3331;27.3904;27.4940;27.3302;27.1281;27.1260;27.1193;27.1249;27.1208;27.1280;27.1888;27.2625;27.3618;27.3271;27.3294;27.3194;27.3308;27.3329;27.3289;27.3534;27.4528;27.5063;27.3267;27.3309;27.3256;27.5168;27.5159;27.5232;27.5310;27.6102;27.6951;27.5811;27.5960;27.7251;27.7221;27.7260;27.7201;27.8067;27.9253;27.9073;27.9391;27.9495;28.1464;28.3056;28.4866;28.4190;28.3287;28.3266;28.3127;28.3242;28.3260;28.3853;28.7109;28.5287;28.5157;28.5144;28.5077;28.3842;28.3184;28.3164;28.3259;28.3239;28.3209;28.1598;28.3303;28.1563;28.2863;28.2875;28.2649;28.1480;28.0634;27.9893;27.9220;27.9137;27.9073
24.8131;24.7600;24.7148;24.6256;24.5688;24.6216;24.5735;24.5672;24.4585;24.3594;24.4223;24.4202;24.3657;24.3965;24.4145;24.2430;24.2196;24.1666;24.2163;24.2287;24.1515;24.2204;24.1710;24.2122;24.2142;24.1623;24.2093;24.1632;24.1014;24.2139;24.1602;24.1978;24.2087;24.2287;24.4123;24.3647;24.4094;24.3986;24.3577;24.4048;24.4127;24.3691;24.4225;24.3775;24.3678;24.4183;24.3571;24.4158;24.3880;24.4221;24.4270;24.5426;24.4844;24.4235;24.3870;24.4293;24.4271;24.4220;24.4264;24.4275;24.3572;24.3810;24.4252;24.3743;24.4166;24.3664;24.4302;24.4092;24.4236;24.5325;24.5347;24.4913;24.4472;24.4611;24.5549;24.6210;24.5657;24.5565;24.5108;24.3639;24.4220;24.4150;24.3621;24.3717;24.3655;24.3739;24.4114;24.2974;24.2265;24.2299;24.1580;24.1752;24.1755;24.1538;24.1180;24.0564
23.9790;24.0414;23.9738;24.0361;24.0160;23.8437;23.8181;23.7612;23.8244;23.7511;23.6457;23.6998;23.5777;23.6081;23.6436;23.5806;23.5846;23.4343;23.4164;23.3833;23.3823;23.4325;23.3706;23.4266;23.3652;23.2992;23.3144;23.1944;23.2099;23.2376;23.3168;23.3580;23.3643;23.4365;23.3722;23.4376;23.4377;23.5475;23.4502;23.6162;23.6261;23.5779;23.6380;23.5677;23.7504;23.8082;23.7691;23.8216;23.7621;23.8163;24.0279;23.9679;24.0340;23.9784;24.1860;24.2078;24.1548;24.2849;24.4080;24.3659;24.4229;24.5152;24.5803;24.8022;24.7640;24.9622;25.0770;25.1670;25.2343;25.3665;25.4053;25.3535;25.4193;25.3741;25.3518;25.3505;25.3974;25.1530;25.1580;25.2160;25.2038;25.1568;25.2110;25.1965;25.0969;25.2122;25.1968;24.9697;24.9733;25.0144;24.9754;24.8256;24.8215;24.7792;24.7627;24.7827
24.7411;24.6331;24.6094;24.6090;24.5773;24.6000;24.6016;24.4325;24.4219;24.3624;24.3713;24.4153;24.3508;24.3896;24.3626;24.2235;24.2285;24.2113;24.1569;24.2100;24.2198;24.1518;24.1564;24.0380;23.9839;24.0854;23.9708;24.0240;24.0153;23.9685;23.9934;24.0861;24.1717;24.2917;24.3403;24.4142;24.3833;24.3609;24.4271;24.4778;24.5619;24.6113;24.6099;24.5845;24.7516;24.8156;24.7515;24.7686;24.8639;24.9565;25.0931;25.1788;25.1468;25.3451;25.4107;25.3659;25.3620;25.3707;25.4782;25.3558;25.4171;25.3749;25.3548;25.3567;25.4095;25.3708;25.3647;25.3627;25.4064;25.3538;25.5455;25.6435;25.8805;25.9844;25.9199;26.0203;26.1307;26.1986;26.1793;26.3995;26.3383;26.4044;26.3893;26.3438;26.2597;26.1935;26.1937;26.1349;25.9573;26.0068;25.8069;25.7985;25.7516;25.7675;25.5748;25.5674
25.5631;25.6011;25.4096;25.3576;25.3765;25.4099;25.2094;25.1698;25.1639;25.1460;25.2006;25.0030;24.9637;25.0149;25.0106;24.8960;24.9034;24.8133;24.7650;24.7834;24.8090;24.7564;24.7088;24.6820;24.5696;24.5799;24.6275;24.5677;24.5980;24.5928;24.5700;24.6215;24.5712;24.5646;24.6379;24.6250;24.5681;24.7733;24.8080;24.7564;24.7965;24.8069;24.8198;24.8146;24.8066;24.8281;24.8028;24.7838;24.7605;24.8087;24.7837;24.7596;24.8065;24.7601;24.7612;24.8062;24.7576;24.7852;24.8163;24.7571;24.7624;24.8097;24.6948;24.7561;24.7810;24.7448;24.7978;24.7805;24.6811;24.8075;24.7630;24.7577;24.8149;24.8059;24.7558;24.7774;24.9339;24.9567;25.0727;25.0977;25.1453;25.1444;25.0021;24.9628;24.9918;25.0151;24.9649;24.9723;24.8120;24.7593;24.7639;24.8183;24.7591;24.8145;24.6438;24.5673
24.6253;24.6232;24.5531;24.3832;24.4220;24.3710;24.4107;24.3466;24.3005;24.2201;24.1552;24.1659;24.2342;24.1645;24.2212;24.1434;23.9831;24.0356;23.9762;24.0255;24.0256;23.9713;24.0069;23.9702;23.8362;23.9313;23.8288;23.9314;23.8104;23.7657;23.8259;23.7635;23.9673;24.0283;23.9722;24.1327;24.1035;24.1838;24.1926;24.1679;24.2299;24.2156;24.1541;24.1998;24.1841;24.3101;24.3000;24.3558;24.4120;24.4841;24.5511;24.6099;24.6299;24.7409;24.7824;25.0099;24.9515;25.0373;25.2060;25.1568;25.2128;25.3098;25.3536;25.5360;25.6092;25.5762;25.5569;25.5643;25.5654;25.4620;25.5586;25.5955;25.7995;25.7492;25.7404;25.7318;25.7611;25.7566;25.7678;25.8364;25.8254;25.7671;25.8043;25.8046;25.7495;25.6875;25.6125;25.5745;25.5387;25.3628;25.3889;25.2222;25.2017;25.1985;24.9971;24.9722
25.0218;24.9907;24.8135;24.8029;24.8000;24.7463;24.6238;24.6265;24.5830;24.5658;24.5338;24.3659;24.3734;24.4140;24.3514;24.3949;24.3381;24.1669;24.2167;24.2007;24.1624;24.2136;24.1024;24.0275;24.1496;24.0944;23.9672;24.0755;24.1783;24.2070;24.2091;24.1534;24.2244;24.3990;24.3621;24.4199;24.5319;24.4910;24.5916;24.6308;24.5697;24.5813;24.6200;24.5783;24.5871;24.6253;24.5725;24.6845;24.6546;24.7656;24.8085;24.7800;24.7637;24.7880;24.8032;24.7623;24.8552;24.8187;24.7544;24.8771;24.9190;24.9570;24.9566;25.0129;24.9610;25.0028;25.0170;24.9686;24.9716;25.0763;25.2097;25.3614;25.6196;25.8845;25.9545;26.1867;26.0739;26.0148;25.9567;26.1775;26.0242;26.0768;26.0130;26.0049;26.0220;25.9681;25.8182;25.6665;25.5816;25.5589;25.4241;25.4057;25.3431;25.1562;25.1951;25.1717
24.9613;25.0296;24.9214;24.7490;24.8071;24.7920;24.6121;24.6153;24.5852;24.5707;24.6028;24.3732;24.3554;24.4156;24.3803;24.3564;24.2242;24.2117;24.1580;24.1227;24.2078;24.0509;24.0248;23.9612;24.0324;24.0312;23.9699;23.9922;24.0313;23.9792;24.0226;23.9741;24.2109;24.3329;24.3646;24.3990;24.4676;24.4969;24.5787;24.6194;24.6950;24.7667;24.8120;24.7544;24.8676;24.9998;24.9676;24.9790;25.0097;24.9586;25.0297;24.9738;25.1488;25.2196;25.1888;25.1455;25.1550;25.2102;25.3310;25.2996;25.4139;25.3749;25.5455;25.6033;25.6023;25.6163;25.6245;25.9357;25.9880;26.1508;26.1490;26.1451;26.1412;25.9672;25.9647;25.9700;25.9739;25.9653;25.9630;26.0874;26.1489;26.2071;26.2924;26.3609;26.1607;26.1436;26.1451;26.0982;25.9885;25.9638;25.9608;25.9502;25.7793;25.7489;25.7957;25.7409
25.6229;25.5468;25.6156;25.6017;25.5651;25.5675;25.5922;25.4087;25.3532;25.3915;25.3701;25.3509;25.3894;25.3506;25.2044;25.1607;25.1610;25.2065;25.1519;25.2084;25.1694;25.1458;25.1996;25.2248;25.1487;25.1570;25.2078;25.1612;25.0302;25.2007;25.1944;25.1485;25.1835;25.1966;25.1627;25.2646;25.3851;25.3560;25.3600;25.4091;25.4055;25.3605;25.3722;25.5747;25.5625;25.6202;25.7345;25.8040;25.7450;25.9229;26.0096;25.9602;26.0126;26.1314;26.1086;26.1624;26.1436;26.3525;26.3617;26.3999;26.3435;26.4635;26.5948;26.5960;26.7323;26.7888;26.7821;26.7497;26.7590;26.8836;27.1322;27.1858;27.0798;26.9492;26.9599;27.0462;27.1909;27.3920;27.4398;27.5565;27.6170;27.4253;27.3889;27.3848;27.3544;27.2843;27.2598;27.1402;27.1716;27.1914;27.1358;27.0214;27.0042;26.9992;26.9524;26.8731
26.7387;26.7929;26.7842;26.7438;26.5633;26.5362;26.5784;26.5950;26.5829;26.4124;26.3921;26.3955;26.3650;26.3408;26.3542;26.1727;26.1553;26.1404;26.1455;26.1509;26.1533;26.0893;26.0110;25.9703;25.9711;25.9535;25.9644;26.0855;26.1797;26.1371;26.2121;26.2959;26.3525;26.3479;26.5878;26.5510;26.6902;26.7585;26.7402;26.9050;27.0123;26.9608;26.9564;26.9526;27.0101;27.1780;27.0900;27.1441;27.1356;27.1776;27.1449;27.1661;27.3275;27.3358;27.3461;27.3680;27.3972;27.3549;27.3959;27.3377;27.3598;27.4455;27.4053;27.4347;27.5968;27.5570;27.5398;27.5471;27.6027;27.6832;27.6510;27.6085;27.7397;28.0238;28.2765;28.3825;28.1428;28.1199;27.9474;28.0039;28.1987;28.1321;28.0254;27.9600;27.9877;27.9315;27.8166;27.8027;27.7447;27.7878;27.7421;27.6656;27.5601;27.5459;27.6008;27.4266
27.3899;27.3528;27.4065;27.3347;27.2081;27.1706;27.1602;27.1817;27.0783;27.1466;26.9432;27.0004;26.9608;26.9084;26.7916;26.7402;26.8000;26.7491;26.7608;26.7077;26.5472;26.5821;26.5857;26.5389;26.5269;26.5445;26.5657;26.5865;26.5854;26.5528;26.7936;26.7486;26.8188;26.9562;27.0146;27.1904;27.1860;27.2217;27.3946;27.3386;27.3468;27.4922;27.6007;27.5591;27.5981;27.5543;27.6834;27.7830;27.7401;27.7834;27.7436;27.7871;27.8177;27.9483;27.9783;27.9476;27.9898;28.0155;28.1244;28.1387;28.1261;28.1812;28.1613;28.2805;28.3873;28.4751;28.7086;28.7624;28.7394;28.7337;28.7906;28.9836;28.9037;28.8826;29.1273;29.1897;29.1504;29.1399;29.1333;29.1929;29.1961;29.1809;29.1585;29.1387;29.1374;29.1717;28.9880;28.9550;28.8827;28.7549;28.7741;28.7739;28.6749;28.5571;28.5924;28.5548
28.4720;28.3875;28.3832;28.3669;28.3435;28.2152;28.1704;28.1400;28.1888;28.1439;27.9505;27.9932;27.9686;27.9998;27.8528;27.8283;27.7924;27.7388;27.7384;27.6736;27.5793;27.5846;27.5517;27.5705;27.4570;27.4801;27.5110;27.5774;27.3595;27.5924;27.4907;27.5422;27.5925;27.5383;27.5980;27.5616;27.5990;27.6115;27.6801;27.7832;27.7385;27.7849;27.7357;27.7835;27.8062;27.9855;27.9925;27.9492;28.0604;28.1265;28.1302;28.1803;28.1770;28.2636;28.3367;28.3864;28.3668;28.3405;28.3833;28.5713;28.5435;28.5976;28.6584;28.7241;28.7348;28.7858;28.7771;28.7309;28.8853;28.9889;29.1226;29.1982;29.3476;29.3613;29.2805;29.1818;29.2599;29.1874;29.1884;29.1419;29.1299;29.0703;29.0436;28.9879;28.9877;29.0047;28.9475;28.9366;28.9908;28.9997;28.8863;28.7374;28.7468;28.7831;28.7573;28.7281
28.6277;28.5918;28.5977;28.5604;28.5506;28.5938;28.5782;28.4298;28.3509;28.3782;28.3435;28.3316;28.3425;28.3824;28.3506;28.3597;28.3189;28.2118;28.1691;28.2072;28.1518;28.1304;28.1750;28.1480;28.1304;28.1141;28.0700;28.1647;28.1211;28.1575;28.2052;28.2193;28.3834;28.4533;28.5489;28.6051;28.5970;28.6121;28.7438;28.7773;28.7809;28.7307;28.9399;28.9614;28.9865;28.9874;28.9411;29.0484;29.1267;29.1880;29.1608;29.1337;29.1472;29.1694;29.1790;29.1932;29.1933;29.2282;29.2295;29.3327;29.3908;29.3485;29.3910;29.3834;29.3997;29.3979;29.3636;29.3396;29.3604;29.3423;29.3412;29.3801;29.3984;29.3850;29.3874;29.3538;29.3608;29.3426;29.4430;29.5443;29.5436;29.5866;29.5501;29.5832;29.5645;29.5821;29.5944;29.5150;29.4622;29.3837;29.3894;29.3966;29.3898;29.2040;29.1517;29.1548
29.1553;29.1768;29.1876;29.0588;28.9367;28.9508;28.9423;28.9874;28.9380;28.7397;28.7259;28.7531;28.7302;28.7279;28.5567;28.5423;28.5962;28.5807;28.4682;28.3890;28.3803;28.3359;28.3406;28.4019;28.3249;28.2172;28.3285;28.3884;28.3460;28.3829;28.3994;28.4015;28.5619;28.5969;28.7798;28.7383;28.8754;28.9308;28.9956;28.9633;29.1515;29.1568;29.1928;29.1986;29.2597;29.3580;29.3511;29.3278;29.3423;29.3386;29.3608;29.5793;29.5866;29.5913;29.5891;29.5927;29.5911;29.5862;29.5934;29.6528;29.7648;29.7625;29.7823;29.7824;29.7944;29.7711;29.7990;29.7735;29.7748;29.7680;29.7763;29.7791;29.7951;29.7824;29.7759;29.9625;29.9753;29.9489;29.8424;29.9129;29.7978;29.7492;29.7715;29.7887;29.7781;29.7793;29.7842;29.7567;29.7154;29.5606;29.5912;29.5332;29.5627;29.5521;29.5659;29.4179
29.3533;29.3444;29.3376;29.3399;29.3871;29.3947;29.3837;29.3263;29.2195;29.1519;29.1621;29.1987;29.1498;29.1344;29.1515;29.2004;29.2031;29.1748;29.1572;28.9973;28.9415;28.9464;28.9468;28.9928;28.9900;28.9605;28.9542;28.9469;28.9800;28.9903;28.9991;28.9557;28.9449;28.9492;29.0099;29.1988;29.1915;29.1365;29.1389;29.1420;29.1602;29.2014;29.1883;29.1488;29.1530;29.1879;29.1925;29.2007;29.1445;29.1582;29.1472;29.1738;29.1826;29.2075;29.1952;29.1422;29.1323;29.1308;29.1485;29.1798;29.1956;29.1815;29.1960;29.1477;29.1443;29.1523;29.1662;29.1883;29.3269;29.3745;29.3564;29.4897;29.5396;29.6644;29.6771;29.5463;29.5481;29.4875;29.3745;29.3850;29.3954;29.3781;29.3753;29.2771;29.1459;29.1457;29.1319;29.1383;29.1369;29.0575;28.9951;28.9777;28.8145;28.7420;28.7743;28.7884
28.5334;28.5505;28.5476;28.4664;28.3517;28.3243;28.3389;28.3668;28.1946;28.1368;28.1661;28.1271;28.0080;27.9923;27.9540;27.8217;27.7360;27.7850;27.7471;27.7904;27.5594;27.6679;27.5604;27.5521;27.6028;27.5550;27.5972;27.4821;27.5998;27.4206;27.4845;27.5973;27.5540;27.5965;27.6804;27.7847;27.7459;27.7395;27.7869;27.7473;27.7686;27.7877;27.7491;27.9593;27.9338;27.9439;27.9705;27.8284;27.8661;27.9662;27.9440;27.9987;27.9402;27.9402;27.9893;27.9860;27.9626;27.9944;27.9485;27.9465;28.1734;28.0747;28.1385;28.1991;28.1919;28.1270;28.3088;28.3227;28.3411;28.3860;28.3859;28.3421;28.3891;28.3531;28.5804;28.5251;28.5578;28.4663;28.5205;28.3706;28.3418;28.3920;28.3798;28.3346;28.3346;28.3684;28.3917;28.1549;28.1958;28.1906;28.1851;28.1400;28.1400;28.1219;27.9602;27.9389
27.9464;27.9816;27.9514;27.9458;27.9737;27.8829;27.7838;27.7545;27.7343;27.7490;27.7878;27.7473;27.7881;27.7555;27.7169;27.6476;27.5398;27.5705;27.5951;27.5499;27.6111;27.5508;27.5891;27.5406;27.5332;27.5942;27.4805;27.5883;27.5331;27.4716;27.4663;27.3672;27.4635;27.5452;27.5864;27.5482;27.5887;27.5496;27.5532;27.6012;27.7310;27.7256;27.7436;27.7895;27.7474;27.7382;27.7929;27.8429;27.8076;27.9773;27.9456;27.9783;27.9930;27.9371;27.9457;27.9828;27.9639;27.9868;28.1201;28.0149;28.1692;28.1673;28.1238;28.1309;28.1850;28.1358;28.3363;28.3885;28.3541;28.5485;28.6290;28.7288;28.6814;28.9307;29.0664;29.1439;29.1560;29.1878;29.1740;29.0893;28.9553;28.9378;28.8149;28.7818;28.6756;28.5509;28.5503;28.5953;28.3692;28.3340;28.3352;28.2486;28.1762;28.1336;28.0121;27.9913
27.9515;27.8602;27.7829;27.7351;27.6749;27.6051;27.5637;27.6026;27.5531;27.3977;27.3516;27.3501;27.3975;27.3401;27.3099;27.1714;27.1818;27.1345;27.1470;27.1883;26.9588;27.0613;27.0028;26.9601;26.9560;27.0045;26.9761;27.0037;26.9662;26.9538;26.9576;27.0104;26.9635;26.9809;27.0633;26.9480;27.0136;27.0883;27.1887;27.1406;27.1931;27.1356;27.1766;27.1566;27.1966;27.2147;27.3278;27.3432;27.3457;27.3549;27.3961;27.4154;27.4741;27.5281;27.5504;27.5883;27.5519;27.5959;27.5510;27.6728;27.7333;27.7370;27.7849;27.7473;27.9958;27.9846;28.1094;27.9825;28.0635;28.0059;28.1101;28.1728;28.1879;28.3938;28.3819;28.3490;28.1795;28.1798;28.1339;28.1366;28.1459;28.1774;28.0749;27.9475;27.9910;27.9427;27.9700;27.9818;27.9432;27.8716;27.7921;27.7613;27.7539;27.7816;27.7456;27.7928
